-- phpMyAdmin SQL Dump
-- version 5.0.2
-- https://www.phpmyadmin.net/
--
-- 主機： 127.0.0.1
-- 產生時間： 2020-06-14 11:41:46
-- 伺服器版本： 10.4.11-MariaDB
-- PHP 版本： 7.4.6

SET SQL_MODE = "NO_AUTO_VALUE_ON_ZERO";
START TRANSACTION;
SET time_zone = "+00:00";


/*!40101 SET @OLD_CHARACTER_SET_CLIENT=@@CHARACTER_SET_CLIENT */;
/*!40101 SET @OLD_CHARACTER_SET_RESULTS=@@CHARACTER_SET_RESULTS */;
/*!40101 SET @OLD_COLLATION_CONNECTION=@@COLLATION_CONNECTION */;
/*!40101 SET NAMES utf8mb4 */;

--
-- 資料庫： `sususu`
--

-- --------------------------------------------------------

--
-- 資料表結構 `account`
--

CREATE TABLE `account` (
  `Acc_Email` varchar(40) NOT NULL,
  `Acc_Passward` varchar(20) NOT NULL,
  `Acc_PhoneNumber` varchar(10) DEFAULT NULL,
  `Cre_Num` bigint(16) DEFAULT NULL
) ENGINE=InnoDB DEFAULT CHARSET=utf8mb4;

--
-- 傾印資料表的資料 `account`
--

INSERT INTO `account` (`Acc_Email`, `Acc_Passward`, `Acc_PhoneNumber`, `Cre_Num`) VALUES
('apple123456@gmail.com', 'Apple123456', '0912354687', 9786543210000000),
('banana123456@yahoo.com.tw', 'Banana123456', '', 5555555555555555),
('cat123456@gmail.com', 'Cat123456', '0921354687', 4444444444444444),
('da000@gmail.com', 'asdfghjkl', '0920205454', 7777777777777777),
('daasffasfasf@gmail.com', '4652130', '0912345678', 6666666666666666),
('dog123456@gmail.com', 'Dog123456', '', 2222222222222222),
('egg123456@gmail.com', 'Egg123456', '0925414687', 3333333333333333),
('faker123456@gmail.com', 'Faker123456', '', 9999999999999999),
('game123456@gmail.com', 'Game123456', '0996854687', 8888888888888888),
('herry123456@gmail.com', 'Herry123456', '', 1234567812345678),
('icon123456@gmail.com', 'Icon123456', '0913254687', 1111111111111111),
('jerry123456@gmail.com', 'Jerry123456', '', 9999999999999999),
('sad@yahoo.com.tw', 'zxcvbnm', '', 3333333333333333),
('uawfkhj@yahoo.com.tw', 'sdfghjkl', '0909123564', 1111111111111111);

-- --------------------------------------------------------

--
-- 資料表結構 `credit`
--

CREATE TABLE `credit` (
  `Cre_Num` bigint(16) NOT NULL,
  `Cre_LastName` varchar(40) DEFAULT NULL,
  `Cre_FirstName` varchar(40) DEFAULT NULL,
  `Cre_DeadLine` date NOT NULL,
  `Cre_CCV` int(3) DEFAULT NULL
) ENGINE=InnoDB DEFAULT CHARSET=utf8mb4;

--
-- 傾印資料表的資料 `credit`
--

INSERT INTO `credit` (`Cre_Num`, `Cre_LastName`, `Cre_FirstName`, `Cre_DeadLine`, `Cre_CCV`) VALUES
(1111111111111111, 'Sweet', 'Apple', '2001-01-11', 111),
(1234567812345678, 'poop', 'domic', '2050-05-22', 312),
(2222222222222222, 'Happy', 'Banana', '2002-02-12', 222),
(3333333333333333, 'Lazy', 'Cat', '2003-03-13', 333),
(4444444444444444, 'Crazy', 'Dog', '2004-04-14', 444),
(5555555555555555, 'Big', 'Egg', '2005-05-15', 555),
(6666666666666666, 'God', 'Faker', '2006-06-16', 666),
(7777777777777777, 'Fantasy', 'Game', '2007-07-17', 777),
(8888888888888888, 'Mad', 'Herry', '2008-08-18', 888),
(9786543210000000, 'ash', 'jwowjwo', '2020-07-13', 886),
(9999999999999999, 'Lucky', 'Icon', '2009-09-19', 999);

-- --------------------------------------------------------

--
-- 資料表結構 `eprisode`
--

CREATE TABLE `eprisode` (
  `Eprisode_id` varchar(10) NOT NULL,
  `Eprisode_Ep` int(3) NOT NULL,
  `Eprisode_Info` varchar(1000) DEFAULT NULL,
  `Episode_length` time DEFAULT NULL
) ENGINE=InnoDB DEFAULT CHARSET=utf8mb4;

--
-- 傾印資料表的資料 `eprisode`
--

INSERT INTO `eprisode` (`Eprisode_id`, `Eprisode_Ep`, `Eprisode_Info`, `Episode_length`) VALUES
('T000000001', 1, '國棟與統神的癲瘋對決', '00:01:54'),
('T000000001', 2, '國棟與統神的癲瘋對決2', '00:04:23'),
('T000000002', 1, '因為興趣而開始當英雄的男人——埼玉。在那之前，有一天他在找工作，從湊巧遇到的怪人手中救下了一個小孩，因此從小就夢想成為英雄的他，開始進行特訓，三年後他擁有了無敵的強大力量，遇到任何敵人都能一拳擊倒。可是，變成他所憧憬的英雄，原本應該每天都過得很充實的他，卻因為太過強大，常常只要一拳就結束了戰鬥，這種情況不斷地重複，對於自己絕對強大的力量，他漸漸地產生了一種空虛感。', '00:24:20'),
('T000000002', 1, '因為興趣而開始當英雄的男人——埼玉。在那之前，有一天他在找工作，從湊巧遇到的怪人手中救下了一個小孩，因此從小就夢想成為英雄的他，開始進行特訓，三年後他擁有了無敵的強大力量，遇到任何敵人都能一拳擊倒。可是，變成他所憧憬的英雄，原本應該每天都過得很充實的他，卻因為太過強大，常常只要一拳就結束了戰鬥，這種情況不斷地重複，對於自己絕對強大的力量，他漸漸地產生了一種空虛感。', '00:24:20'),
('T000000002', 3, '埼玉與傑諾斯為了反過來將「進化之家」的刺客解決掉，而從其中一名刺客「裝甲猩猩」的口中問出他們組織的相關情報。進化之家的創始人吉納斯博士，擁有危險的思想，想要以人力讓人類進化，他想要研究埼玉強韌的身體，並加以利用。為了阻企他的企圖，埼玉二人靠著雙腿前往敵人的根據地。另一方面，接到裝甲猩猩的通知，吉納斯博士為了迎擊他們二人，打算釋放進化之家的終極武器。那就是太過凶暴，連吉納斯本身也無法控制的，史上最凶悍的惡魔「阿修羅獨角仙」。', '00:24:21'),
('T000000002', 4, '自稱為桃源團的一群恐怖分子出現在F市，他們所有的成員都是光頭，而率領這一群奇形怪狀的人的，是穿著戰鬥服的巨漢「槌頭」。他的理念是「絕對不想工作」，他的目標是率領那些跟他的想法有共嗚的年輕人，實現他們的理想世界，就是讓想要工作的人養不工作的人。首先，為了做給別人看，他們準備去把城鎮裡最有錢的富豪「錢尼爾」的豪宅毀掉。但錢尼爾所雇用的保鏢，忍者「音速的索尼克」擋住了他們的去路。另一方面，埼玉從新聞裡知道桃園團的存在，因為髮型相同，埼玉怕自己也被認為是他們的同黨，所以也準備出發現去擊潰他們。', '00:24:21'),
('T000000002', 5, '因為興趣而開始當英雄也已經3年了，埼玉知道自己的知名度之低後，決定以職業英雄的身分公開活動。埼玉與傑諾斯一起前去參加英雄檢定的測試會場，在體力測試一個接一個創下了新記錄，但筆試卻出現毀壞性的成績，結果勉強及格。成為最低等級的英雄，重新開始。另一方面，傑諾斯的體力與筆試都滿分及格，再考量到他之前的個人實蹟，於是一下子就被認定為Ｓ級英雄。然後，趁著這機會正式成為埼玉徒弟的傑諾斯，向埼玉提出申請，要求與他認真比試......。', '00:24:21'),
('T000000002', 6, '成為職業英雄第五天，埼玉沒什麼特別能做的事，在自己家裡打混渡日，但傑諾斯卻告訴他一個震憾的事實。C級英雄有基本工作量，每周都要有一次活動報告，如果沒有完成，就會從英雄名冊上除名。埼玉匆匆忙忙地趕到街上，到處尋找案件，但也沒那麼剛好就有怪人出現，時限一步步的逼近了。埼玉心情煩躁，視他為對手的音速的索尼克卻突然出現在他面前，向他提出挑戰。情況變得越來越難處理，而索尼克卻讓情況變得更加惡化，這讓埼玉十分焦躁。最後，埼玉可以保住他的英雄頭銜嗎？', '00:24:21'),
('T000000002', 7, 'Z市遇到了災害等級龍級的危機，從宇宙飛來的巨大隕石突然開始朝著Z市落下。英雄協會雖然請求S級的英雄們前去應付，但面對隕石他們也是束手無策，情況令人感到絕望。傑諾斯也被召集前往英雄協會分部，但那裡的職員全都已經去避難了，大樓只剩下一個空殼。同樣也來到那裡的S級英雄銀牙告訴傑諾斯，再這樣下去隕石將撞擊地面，毀滅Z市。傑諾斯為了守護恩師埼玉所居住的城市，決定竭盡一己之力對抗巨大隕石。', '00:24:21'),
('T000000002', 8, 'J市海邊有一群自稱是深海族的怪人上岸，開始往地面上侵襲。A級英雄莿槍俠在激烈戰鬥之後，把牠們殲滅了，但卻被之後到來的深海王一拳擊殺。埼玉跟傑諾斯看到新聞報導之後，急忙趕往J市，可是他們不但一直無法確定深海王在哪裡，二人還意外的分散了。在那當中，擋在深海王前面的是一名身穿囚服的巨漢，以及應該還在服刑的音速的索尼克。另一方面，C級英雄無照騎士也騎著愛車正義號，拼命地趕往現場。', '00:24:21'),
('T000000002', 9, '受到深海王的襲擊，災害避難所裡陷入一片恐懼，這時傑諾斯獨自一人出現了。他那與深海王戰得難分高下的英姿，讓避難所的人們感到興奮激動，但傑諾斯為了保護一個孩子，而被深海王所噴出的溶液擊中，形勢一舉惡化。就在深海王要給傑諾斯無情的最後一擊時，另一位英雄出現了，但那是無照騎士。身為C級英雄的無照騎士，跟深海王的實力相差太大，使得人們感到很失落。但即使如此，無照騎士仍是勇敢地前去與深海王對抗。', '00:24:21'),
('T000000002', 10, 'S級英雄們突然接到緊急召喚。埼玉與傑諾斯剛好前去拜託銀牙的道館，也跟銀牙一同前去。來到位於A市的英雄協會總部，各個傑出的S級英雄都已經集結於會議室。而在他們面前，英雄協會的幹部開口了，說預言百分之百會命中的先知席芭芭瓦，在預言半年以內「地球有難了」之後，就過世了。正當會議室裡的氣氛緊張的時候，總部的大樓發出巨大聲響並劇烈震動，四周被黑暗所包圍。不久，切換到緊急電源之後，在會議室等待著他們的是，剛剛那一瞬間A市已近乎完全毀滅的這個事實。', '00:24:21'),
('T000000002', 11, '戰鬥員梅爾薩加德，從飛到A市上空的巨大太空船當中，降落到地面，並一腳踢開了A級英雄居全鐵。原子武士、金屬球棒、銀牙，與水嫩嫩囚犯等S級英雄前去應戰，但梅爾薩加德的肉體，受到攻擊也會立刻再長出來，無法對他造成致命的傷害，他們陷入了苦戰。另一方面，埼玉一個人進入大太空船內部，橫掃敵軍破壞船艦內部，同時朝著中樞部位走過去。敵方幹部格流剛許普，對埼玉的暴行感到憤怒，他為了扭轉這個局面，決定再次轟炸地面。城市瞬間被毀，這種惡夢般的慘劇再度威脅著A市。', '00:24:21'),
('T000000002', 12, '戰慄的龍卷藉著強大的超能力，將敵人的轟炸全都反彈回去。激戰之後，原子武士等人發現強敵梅爾薩加德的弱點，地面上的情況漸漸地開著收尾。然而，當全世界屏氣凝神抬頭往上看著太空船時，在太空船內部，埼主正在跟黑暗盜賊團「黑暗物質」的頭目波羅斯對峙。太過強大的波羅斯，為了尋求能與他勢均力敵的對手，千里迢迢地來到地球。對面這個可以稱得上是宿命對手的敵人，埼玉這次可以認真以待了嗎？事關人類存亡的一場鏖戰，終於燃起了戰火。', '00:24:01');

-- --------------------------------------------------------

--
-- 資料表結構 `favorite`
--

CREATE TABLE `favorite` (
  `Fa_Mine` varchar(10) DEFAULT NULL,
  `Acc_Email` varchar(40) NOT NULL
) ENGINE=InnoDB DEFAULT CHARSET=utf8mb4;

--
-- 傾印資料表的資料 `favorite`
--

INSERT INTO `favorite` (`Fa_Mine`, `Acc_Email`) VALUES
('M000000001', 'apple123456@gmail.com');

-- --------------------------------------------------------

--
-- 資料表結構 `item`
--

CREATE TABLE `item` (
  `Item_Id` varchar(10) NOT NULL,
  `Item_Name` varchar(40) DEFAULT NULL,
  `Item_Year` year(4) DEFAULT NULL,
  `Item_Category` tinyint(1) DEFAULT NULL
) ENGINE=InnoDB DEFAULT CHARSET=utf8mb4;

--
-- 傾印資料表的資料 `item`
--

INSERT INTO `item` (`Item_Id`, `Item_Name`, `Item_Year`, `Item_Category`) VALUES
('M000000001', '鬼修女', 2018, 0),
('M000000002', '厲陰宅', 2013, 0),
('M000000003', '厲陰宅2', 2016, 0),
('M000000004', '安娜貝爾', 2014, 0),
('M000000005', '安娜貝爾2:造孽', 2017, 0),
('M000000006', '煙花', 2017, 0),
('M000000007', '你的名字', 2016, 0),
('M000000008', '天氣之子', 2019, 0),
('M000000009', '怪物的孩子', 2015, 0),
('M000000010', '狼的孩子雨和雪', 2012, 0),
('M000000011', '即刻救援', 2009, 0),
('M000000012', '即刻救援2', 2012, 0),
('M000000013', '即刻救援3', 2015, 0),
('M000000014', '出神入化', 2013, 0),
('M000000015', '出神入化2', 2016, 0),
('M000000016', '雞不可失', 2019, 0),
('M000000017', '好不浪漫', 2019, 0),
('M000000018', '飛翔吧！埼玉', 2019, 0),
('M000000019', '愛上觸不到的你', 2019, 0),
('M000000020', '可能還愛你', 2019, 0),
('S000000001', '突然好想你', 2008, 1),
('S000000002', '我不願讓你一個人', 2011, 1),
('S000000003', '演員', 2015, 1),
('S000000004', '醜八怪', 2013, 1),
('S000000005', '光年之外', 2016, 1),
('S000000006', '來自天堂的魔鬼 AWAY', 2015, 1),
('S000000007', '告白氣球', 2016, 1),
('S000000008', '說好的幸福呢', 2008, 1),
('S000000009', '勇氣', 2000, 1),
('S000000010', '可惜不是你', 2005, 1),
('S000000011', '聽海', 1997, 1),
('S000000012', '連名帶姓', 2017, 1),
('S000000013', '不為誰而作的歌', 2015, 1),
('S000000014', '修煉愛情', 2013, 1),
('S000000015', '我呸', 2014, 1),
('S000000016', '第三人稱', 2014, 1),
('S000000017', '小幸運', 2015, 1),
('S000000018', '還是要幸福', 2011, 1),
('S000000019', '愛', 2017, 1),
('S000000020', '親愛的', 2017, 1),
('T000000001', '偷米的奇妙冒險', 2019, 0),
('T000000002', '一拳超人', 2015, 0);

-- --------------------------------------------------------

--
-- 資料表結構 `makedate`
--

CREATE TABLE `makedate` (
  `Son_Id` varchar(10) NOT NULL,
  `MD_Date` date DEFAULT NULL
) ENGINE=InnoDB DEFAULT CHARSET=utf8mb4;

-- --------------------------------------------------------

--
-- 資料表結構 `movie`
--

CREATE TABLE `movie` (
  `Mo_id` varchar(10) NOT NULL,
  `Mo_Name` varchar(40) DEFAULT NULL,
  `Mo_Year` date DEFAULT NULL,
  `Mo_Grade` varchar(2) DEFAULT NULL,
  `Mo_Dir` varchar(40) DEFAULT NULL,
  `Mo_Address` varchar(100) NOT NULL,
  `Mo_Tag` varchar(40) DEFAULT NULL,
  `Mo_Photo` varchar(500) NOT NULL,
  `Mo_Info` varchar(1000) NOT NULL
) ENGINE=InnoDB DEFAULT CHARSET=utf8mb4;

--
-- 傾印資料表的資料 `movie`
--

INSERT INTO `movie` (`Mo_id`, `Mo_Name`, `Mo_Year`, `Mo_Grade`, `Mo_Dir`, `Mo_Address`, `Mo_Tag`, `Mo_Photo`, `Mo_Info`) VALUES
('M000000001', '鬼修女', '2018-09-07', 'R', 'Corin Hardy', 'https://www.youtube.com/embed/10fxIxL0r58', 'Horror', 'https://upload.wikimedia.org/wikipedia/zh/8/82/The_Nun_%282018_film%29.jpg', '「鬼修女」 01:1952年，在羅馬尼亞一間與世隔絕的卡拉塔修道院（Cârța Monastery）中，一個年輕的修女自殺了，梵蒂岡派出一名藏有悲慘過去的神父和一名剛入教的見習修女來調查這起神秘死亡事件，他們一步一步嘗試揭開這個教團的邪惡祕密，卻遭到瓦拉克的攻擊和誘惑，神父被瓦拉克封進棺材並埋進墓地，最後被修女救回，並在書中找到瓦拉克的線索。之後修女被瓦拉克弄得迷失，但亦從中受到了上帝的指引，卡拉塔修道院是由一個熟悉邪術和擁有豐富魔鬼知識的卡拉爵士建立的，在他召喚魔鬼期間，教會的人和十字軍趕到並阻止，他們用耶穌基督的血把魔鬼封印，之後那裡就變成卡拉塔修道院。在二戰時被蘇聯轟炸機炸毀了修道院而解開了封印，於是瓦拉克又重新出現。\r\n\r\n神父、修女和一個法裔加拿大人受瑪麗亞的指引，找出被收藏的聖血。修女被瓦拉克抓住，她在嘴中含著聖血，並把本應裝著血的聖球交給瓦拉克，瓦拉克發現聖球是空的時候，修女立刻用口中的耶穌聖血噴到瓦拉克的臉上再次封印瓦拉克，誰知在打鬥中瓦拉克把部分的靈魂附在那位法裔加拿大人身上，令他可以自由在人間來回。\r\n\r\n20年後，在魔鬼學講座上，艾德與蘿琳以小法被附身的狀況作解說，也是一切的開端。'),
('M000000002', '厲陰宅', '2013-08-02', 'PG', 'James Wan', 'https://www.youtube.com/embed/bTFik5Pnkvg\r\n', 'Horror', 'https://pic.pimg.tw/tpy1009/1377671103-2421835665.jpg', '「利陰宅」 02:1971年，美國羅德島州哈維爾，羅傑和卡洛琳·佩倫帶著五個女兒安卓莉亞、南希、克莉絲汀、辛蒂和愛普，搬進一棟郊區大宅，但屋內幾天下來開始發生一連串超自然現象：一家的寵物狗在搬進去的第二天就神秘死亡，家中所有鐘全部停在淩晨三點零七分，房子瀰漫著一股腐爛屍臭，而一樓的門會自行頻繁開了又關，卡洛琳的身上頻繁會出現不該存在的淤青、克莉絲汀睡覺時老是覺得有人在抓她的腳、有夢遊症的辛蒂睡著時會用頭不停地撞擊一個老櫥櫃、而愛普不停地在跟一個「想像朋友」羅伊說話。幾天的晚上，卡洛琳跟著一段拍手聲走進堆滿老舊物品的地下室，卻被反鎖在裡面，點上一根火柴照光後卻在腦後注意到一雙拍手手掌。而在二樓，安卓莉亞與辛蒂也遭到過一個不明惡靈的攻擊，惡靈自行消失後，一家人才確信這些現象絕非尋常......\r\n'),
('M000000003', '厲陰宅2', '2016-06-08', 'PG', 'James Wan', 'https://www.youtube.com/embed/WSJ-GO-Xe2A', 'Horror', 'https://upload.wikimedia.org/wikipedia/zh/e/e2/The_Conjuring_2_Poster.jpg\r\n', '「利陰宅2」03:1976年，超自然現象探究者艾德與蘿琳·華倫夫婦處理阿米蒂維爾兇宅事件，協助盧茲一家確認該屋子是否在兩年前發生過滅門慘案，行兇者小羅納德·迪菲歐殘忍殺害他的家人後，在法庭上稱自己「遭魔鬼附身」，最後沒被採信而判處連續六個終身監禁。蘿琳運用自己的陰陽眼來探查屋子各處時，注意到一個修女形態的神秘惡靈，在幻象中險些被牠試圖掐死。事件受新聞媒體的關注後引發眾多爭議，許多評論家認為盧茲一家和華倫夫婦編造並上演整件事情來欺瞞大眾好得到關注，甚至開始將靈異事件當成笑柄，間接影響到世界各地的超自然現象探究者的可信度......'),
('M000000004', '安娜貝爾', '2014-10-03', 'PG', 'John Robert Leonetti', 'https://www.youtube.com/embed/atrVNkLD-Bw', 'Horror', 'https://image.agentm.tw/images//movie/4cc8b68aaf017fa40db568c3a8e5d52a5a389cd649a9b36631eda766e32c041f/poster/image/82276743-316b-4427-ad99-1458ad76f251.jpg', '「安納貝爾」04:1967年，居住在美國加州聖莫妮卡的醫生約翰·佛姆，跟他有孕在身的妻子蜜雅期待著孩子出生，約翰送給蜜雅一個復古式的瓷製娃娃作為禮物，蜜雅也將其放在她育兒室的玩偶收藏系列中。當晚，約翰和蜜雅隔壁的鄰居希金斯夫婦慘遭一對男女入室殺害，約翰和蜜雅被吵鬧聲驚醒後馬上報警，但兩名殺手卻也入侵他們家中，蜜雅因此被刺傷。警察趕來擊斃行兇男子，女子在被逮捕前就躲進育兒室中割喉自盡，其手裡還抱著蜜雅當天得到的娃娃......'),
('M000000005', '安娜貝爾2:造孽', '2017-08-11', 'PG', 'David F. Sandberg', 'https://www.youtube.com/embed/0VEE8WeYpSs', 'Horror', 'https://upload.wikimedia.org/wikipedia/zh/d/da/Annabelle_Creation_Poster.jpg', '「安納貝爾2」05:1943年，玩偶師山繆·穆林陪妻子愛絲特和七歲女兒小貝住在一座偏僻農場裡，一家人一日從教堂回家過程中卡車拋錨，小貝為了幫父親撿一顆掉在路中央的螺釘，不幸被後方全速駛來的卡車撞死。十二年後，長期處於悲痛的穆林夫婦將農場開設成一所孤兒院，給夏綠蒂修女和六名孤兒出身的女孩一個住家。即使山繆警告所有人不能擅自進入已故女兒小貝的房間，但一位身患小兒麻痺症而行動不便的女孩珍妮絲，當晚被出現在她房間門下、寫著「來找我」（Find me）的紙條引進小貝的房間，在玩具娃娃屋中找到一把鑰匙打開衣櫥，在裡面發現一個瓷製娃娃......'),
('M000000006', '煙花', '2017-09-15', 'G', '新房昭之', 'https://www.youtube.com/embed/9_nO8pD5X-Y', 'Animation', 'https://66.media.tumblr.com/4679a7b01711192c4767304fd6b8624e/tumblr_inline_pbrrfqmi1D1w3wd8i_640.png', '「煙花」06:故事發生在8月1日的茂下町，當時全町正舉辦煙火大會，主角島田典道和夥伴們就因為煙花的一些事情起爭論，但吵了一陣子後還是沒有結果，於是他們決定到燈塔觀賞煙花，以解決彼此的困惑。同時，典道班上的班花及川奈砂因母親再婚一事感到苦惱。後來她突發奇想，提議與典道一行人比賽游泳，再與勝者私奔。由此刻開始，典道為著追求某些結果而不斷努力，直至他最後看到的那幕煙花......'),
('M000000007', '你的名字', '2016-10-21', 'G', '新海誠', 'https://www.youtube.com/embed/QdiXYMYDhNA', 'Animation', 'https://ct.yimg.com/xd/api/res/1.2/CYJFsCEMykxzNZslV1h5qQ--/YXBwaWQ9eXR3YXVjdGlvbnNlcnZpY2U7aD03NTA7cT04NTtyb3RhdGU9YXV0bzt3PTUyMA--/https://s.yimg.com/ob/image/a2ceff2d-4cd2-45ec-9d4e-98392143e8d3.jpg', '「你的名字」07:提阿瑪特彗星（ティアマト彗星）每逢1200年造訪地球，在深山小鎮糸守町（糸守町／いともりまち）中家族世代經營鎮內「宮水神社」的高中少女宮水三葉、以及東京四谷[註 8]的高中少年立花瀧，從某天開始，在睡覺的時候，就會靈魂互換，醒來什麼都不記得，感覺像做了奇妙的夢，但周圍的人會講出他們昨天有違平常。他倆很快意識到這種情形，困惑之中開始在彼此手機留言，逐漸地變得習慣於身體切換，並干預對方的生活。三葉不僅樂於所嚮往的東京生活，也利用女人心這點，幫助瀧更接近其打工的美女前輩奧寺，促成與她約會；而瀧以陽剛的形象，幫助柔弱的三葉在她的學校更受歡迎，雙方逐漸對彼此有好感。'),
('M000000008', '天氣之子', '2019-09-12', 'G', '新海誠', 'https://www.youtube.com/embed/59iD8WKyHyA', 'Animation', 'https://www.vscinemas.com.tw/vsweb/upload/film/film_20200505003.jpg', '故事開始於東京奧運結束後的2021年（令和3年）夏天，「很想試試在那光芒之中前行！」家鄉位在伊豆七島最南端的神津島高中一年級少年森嶋帆高離家出走，獨自一人來到東京都。拮据的生活迫使他不得不找份工作，終於找到的一份工作卻只是為一本古怪的神秘學雜誌擔任寫手。\r\n\r\n在這座繁忙城市裡到處取材的帆高，邂逅了與弟弟相依為命、不可思議的美少女陽菜。陽菜個性堅強、開朗。在廢棄大樓雜草叢生的屋頂上，陽菜跟帆高說：「馬上就會放晴了喔。」在陽菜這句話之後，頭頂的烏雲逐漸散去，耀眼的陽光灑落街道，灰色的世界恢復了鮮豔色彩。原來，陽菜擁有「改變天氣」的奇妙能力！在氣候異常的時代，被命運捉弄的少年少女，該如何「選擇」自己的生活？'),
('M000000009', '怪物的孩子', '2015-07-11', 'P', '細田守', 'https://www.youtube.com/embed/w4C3lnYDtN4', 'Animation', 'https://pic.pimg.tw/hikarulikemai/1458320173-2727363233_wn.jpg', '「怪物的孩子」09:電影故事以人間界的澀谷和虛構的怪物城市「澀天街」（渋天街）為舞台。兩個世界理應沒有交集。不過有一日，有一個人類少年「蓮」遇上怪物「熊徹」，並決意跟隨熊徹到怪物的世界。於是那個少年就成為了熊徹的弟子，並被命名為「九太」。雖然最初兩人衝突不斷，但在一起生活和修行的日子裏，慢慢萌生父子之情。\r\n\r\n九太長大成人，偶然之下從澀天街回到澀谷，遇上女高中生「楓」。在跟楓的邂逅、與失聯生父相認後，九太開始思考自己應該生活在哪一個世界。此時，發生了一件卷及兩個世界的大事。熊徹和九太，都迎來必須決擇的時候。'),
('M000000010', '狼的孩子雨和雪', '2012-08-10', 'G', '細田守', 'https://www.youtube.com/embed/sZSFbSO-eGk', 'Animation', 'https://pic.pimg.tw/n95101/1470062657-1579321607_wn.jpg', '女大學生「花」與半狼半人的狼人「他」相遇、相愛並結婚，生下了一對同為狼人的孩子：姐姐「雪」和弟弟「雨」。雨出生後不久，為孩子捕食的「他」不慎跌落大排水溝溺斃，成為單親媽媽的花獨力扶養一對兒女。雨和雪因年幼不懂事經常偷變成狼惹是生非造成鄰居困擾，擔憂無法再隱藏兒女真實身份的花選擇搬離城市，母子三人遷至清幽絕塵的山中廢棄古民家，那裡沒有鄰居，非常適合帶有獸性活動量又大的子女生活。'),
('M000000011', '即刻救援', '2009-03-20', 'PG', 'Pierre Morel', 'https://www.youtube.com/embed/GSbUwZhJ5bI', 'Action', 'https://i0.wp.com/img.leftymovie.com/2009/07/4a421d83748f2.jpg', '退休情報人員布萊恩一心想做一名稱職的父親，彌補過去對女兒琴所失去的父愛，但看著琴與前妻蕾娜已與他人重新建立了美滿的家庭，讓他深深陷入了自責中。這天，琴告訴布萊恩要跟朋友去法國遊學、逛博物館，布萊恩雖然認為兩個小女孩去歐洲太危險，但是為了不讓琴以後永遠不想見他，他只好同意琴的要求，不過他也提醒琴要隨時和他保持聯絡。沒想到琴抵達巴黎不到一小時，就遭人綁架，布萊恩得知消息後，決定要挺身而出拯救女兒。然而，布萊恩首先要解決的問題，就是他人在洛杉磯，而且他能使用的時間只有96個小時。即使如此，布萊恩還是抱持孤注一擲的決心，隻身前往法國，直搗賊窟去解救女兒。'),
('M000000012', '即刻救援2', '2012-10-05', 'PG', 'Olivier Megaton', 'https://www.youtube.com/embed/9FNiB_m6qZU', 'Action', 'https://upload.wikimedia.org/wikipedia/zh/thumb/f/f0/Taken_2_Poster.jpg/220px-Taken_2_Poster.jpg\r\n', '在《即刻救援》第一集中，退休特工布萊恩（連恩·尼遜 飾）大鬧巴黎，從綁架集團手中救出女兒琴（瑪姬·格蕾斯 飾），並將他們全數殲滅。然而，集團中其中一名成員——馬爾科的父親穆拉德（雷德·瑟貝佳 飾）因難忍喪子之痛，決定要對布萊恩展開報復行動。冷血無情的穆拉德和他的黑幫手下計畫趁布萊恩全家至土耳其的伊斯坦堡度假時，準備捉拿三人活口。布萊恩的前妻李諾兒（芳姬·詹森 飾）首先遭到綁架，黑幫打算以她的性命作為逼迫布萊恩就範的籌碼。布萊恩為了保護他的家人和自救，在琴的幫助下，再次與敵人展開生死較量。'),
('M000000013', '即刻救援3', '2015-01-09', 'PG', 'Olivier Megaton', 'https://www.youtube.com/embed/xt0LVCgJB1M', 'Action', 'https://upload.wikimedia.org/wikipedia/zh/thumb/8/89/Tak3n_poster.jpg/220px-Tak3n_poster.jpg', '歷經在巴黎以及伊斯坦堡的兩次家庭保衛戰之後，前任中情局探員布萊恩­（連恩·尼遜 飾）的生活逐漸回復平靜，然而看似平靜的生活仍然暗潮洶湧。布萊恩的前妻蕾娜與現任丈夫史都華的婚姻陷入危機，讓她重新考慮是否該和布萊恩破鏡重圓，而嫉妒心很強的史都華登門要求布萊恩­不再糾纏蕾娜，以免影響他們之間的關係。不過，布萊恩對此抱持一貫淡然的態度。這天，布萊恩因收到蕾娜的簡訊而興沖沖的出門購買貝果，當他回到住處時，卻發現蕾娜陳屍在他床上。然而禍不單行的是，兩名接到通報的警察亦在此時抵達現場，目睹此景的他們以為布萊恩是兇手，準備以現行犯逮捕布萊恩。悲憤又失落的布萊恩不滿前妻枉死及自身含冤，遂打倒這兩名警察並展開大逃亡。洛杉磯警局巡官多茲勒布下天羅地網，要將布萊恩逮捕歸案。為了洗刷冤屈，四處東躲西藏的布萊恩必須使出渾身解數，找出真相­並揪出真正的殺人兇手。在調查的過程中，布萊恩懷疑蕾娜的遇害可能跟史都華與俄羅斯黑手黨之間的債務糾紛有關，黑幫份子因為受到史都華的挑撥而欲置布萊恩於死地。如今，身處險境的布萊恩不但要設法擺脫黑幫的追殺，還得躲避中情局、聯邦調查局和警方的多方追緝；除此之外，更重要­的任務，就是保護他身邊唯一所剩並是最重要的親人－他的女兒。'),
('M000000014', '出神入化', '2013-05-21', 'PG', 'Louis Leterrier', 'https://www.youtube.com/embed/rOQ_hWDOiAk', 'Suspense', 'https://image.agentm.tw/images/movie/2b1ff778d82eab44829c0891c82b76a20c3aae2b90dcca559275cd7dc35070eb/poster/thumbnail/f51f1222-a2a3-4ead-ac63-f1a51d6d7868.jpg\r\n', '在全場觀眾屏息以待下，由丹尼（傑西·艾森柏格 飾演）領軍的「四騎士魔術師團」正在賭城拉斯維加斯發表新魔術，不同於大衛·考柏菲的大型魔術，或大衛·布萊恩的街頭魔術，他們的表演是結合無遠弗屆的數位智慧科技的全新魔術，讓他們能將巴黎一家銀行金庫的320萬歐元，瞬間從舞台天花板撒下，也能將為富不仁者的錢，在眾目睽睽下，透過智慧型手機螢幕顯示，轉到被坑殺的投資人們的帳戶裏。到底他們真的是有巫術的俠盜？還是只是一種障眼法？無論是前者還後者，全世界的魔術破解專家跟聯邦調查局都已經盯上這四位騎士……'),
('M000000015', '出神入化2', '2016-06-08', 'PG', '朱浩偉', 'https://www.youtube.com/embed/7gRJhzeZBz4', 'Suspense', 'https://upload.wikimedia.org/wikipedia/zh/thumb/a/a9/Now_You_See_Me_2_Poster.jpg/220px-Now_You_See_Me_2_Poster.jpg', '在智取聯邦調查局贏得大眾目光的一年後，四騎士的成員正靜候天眼的指示，他們的接應人正是聯邦調查局的迪倫羅德斯，但同時間，負責追查四騎士的聯邦調查局副主任娜塔莉，也正步步拼湊蛛絲馬跡追捕四騎士。儘管迪倫要四騎士靜候指示，但大夥都已厭倦漫長的等待，更令擅長脫逃的成員海妮離去，此時領導四騎士的丹尼爾意外收到了訊息，告訴他等待已結束，要求他們揭穿科技人才歐文·凱斯的陰謀，並竊取其數據資料，情急之下迪倫招來了新的成員露拉，計畫在凱斯的產品發表會上讓四騎士復出......'),
('M000000016', '雞不可失', '2019-02-21', 'P', '李炳憲', 'https://www.youtube.com/embed/KMl3e5nwj-c', 'Comedy', 'https://pic.pimg.tw/pink03049/1547177047-1364154750_n.jpg', '高尚起、金英皓、馬奉八、張妍秀和金宰勳是五個脫線的緝毒組警員，因為辦事不力常被長官釘得滿頭包，他們為了爭口氣，決定在毒梟李武裴的根據地對面的炸雞店埋伏，為了長期作戰，組長高尚起決定放手一搏，預支了退休金收購炸雞店作為辦案據點，因此也順帶賣起炸雞。\r\n\r\n這個看似荒誕的策略意外造就了絕世美味的炸雞，餐廳一夕高朋滿座，即使調高售價也無法阻止餐廳成為網紅名店，但緝毒方面毫無進展，緝毒組面臨解散危機，炸雞店也被電視台做了負面報導，李武裴更搬離炸雞店對面，眾組員遭到停職......'),
('M000000017', '好不浪漫', '2019-02-13', 'P', '托德·斯特勞斯·舒爾森', 'https://www.youtube.com/embed/RomxCx93-qs', 'Comedy', 'https://upload.wikimedia.org/wikipedia/zh/thumb/2/25/Isn%27t_It_Romantic_Poster.jpg/220px-Isn%27t_It_Romantic_Poster.jpg\r\n', '在1990年代初的澳洲，年紀小小的娜塔莉正在看著一齣浪漫喜劇電影《麻雀變鳳凰》，此時她的母親透過告訴她指那個女生於現實中並沒有好結局，衝擊了她的態度與熱情。25年後，娜塔莉於紐約市當一名建築師，她的自尊心低得很，被她的同事們以及一位名叫布萊克的新客戶視為責任推卸者，布萊克是一位英俊的億萬富翁，在一次重要會議上把她當作成助理。她拒絕了好友喬希邀約她一起到卡拉OK酒吧的邀請；她又逮到其助手維持妮在辦公室裡看浪漫喜劇《婚禮歌手》，她對關於浪漫喜劇和它們的陳詞濫調進行滔滔不絕的冷嘲熱諷和咆哮......'),
('M000000018', '飛翔吧！埼玉', '2019-02-22', 'P', '武內英樹', 'https://www.youtube.com/embed/vxSaEdoKdmY', 'Comedy', 'https://image.agentm.tw/images/movie/9e4efc8679b228367d4063d18a3a58484157d8fa1fc0d4500de117b0b39aa844/poster/image/px_0001.jpg', '天龍人退散！史無前例最大「戰地區」革命！\r\n埼玉縣在哪？東京的北方。無論是票選「夏天最想前往」、「冬天最想前往」、或是統計「總理大臣出身地」，它都是日本四十七個都道府縣的「倒數」第一，唯一奪冠的項目是:「貧乳」!\r\n\r\n自古背負「日本最土縣市」的臭名，埼玉縣民飽受東京的歧視與迫害......身為有「東京市長金搖籃」之稱的白鵬堂貴族學院學生會長，壇之浦百美（二階堂富美 飾）立志繼承老爸的市長志業，盡其所能打壓埼玉縣人，然而就在他愛上假扮成美國轉學生的埼玉縣民麻實麗（Gackt 飾）之後，根深蒂固的信仰價值一夕崩壞！為了解放埼玉，為了自由追尋自己的愛情，百美和麗展開一場關東史上最大革命，衝撞天龍國、解放'),
('M000000019', '愛上觸不到的你', '2019-03-15', 'P', 'Justin Baldoni', 'https://www.youtube.com/embed/SQ3WyW2o4bE', 'Romance', 'https://upload.wikimedia.org/wikipedia/zh/thumb/1/17/FiveFeetApart.jpg/220px-FiveFeetApart.jpg', '劇情講述兩位罹患囊腫性纖維化的患者Stella (海莉·盧·理查森飾)與Will (科爾·斯普羅斯飾)在同一間病院中治療，兩人從一開始的互看不順眼到相識並相戀，過程中因要控制病情無法與人太靠近而產生相隔五尺的距離，如何克服病魔並突破距離變成他們之間最大的難題。'),
('M000000020', '可能還愛你', '2019-05-29', 'PG', 'Nahnatchka Khan', 'https://www.youtube.com/embed/LEdyKlOGRNw', 'Romance', 'https://upload.wikimedia.org/wikipedia/zh/thumb/e/e9/Always_Be_My_Maybe_2019_Poster.jpg/220px-Always_Be_My_Maybe_2019_Poster.jpg', '莎夏和馬可仕從小就是住在隔壁的鄰居，而且莎夏擅長料理的緣由，也和馬可仕脫不了關係; 小時候的莎夏是個鑰匙兒童，父母非常疲於奔命在工作上，所以小馬可仕常常邀請隔壁的莎夏到自己家中一起品嚐媽媽的拿手韓式料理~ 在母親突然過世的那段時間裡，莎夏時常陪伴著馬可仕，相信是負面情緒太沉重的壓力下，兩人好不容易進一步發展的『車震』卻沒有將兩人推向童話故事的幸福結局; 反而因為好強的倆人誰也不願意低頭先化解誤會，順理成章的分道揚鑣。莎夏成為家喻戶曉的美女主廚，時常榮登各大媒體版面，同時也和餐飲集團的CEO訂婚，並且擁有多間自己的餐廳; 眼見自己已經過著與童年時期截然不同，且甚至是人人稱羨的上流生活時。CEO未婚夫突然宣布自己即將前往印度洽談新的生意，而且還告訴眾媒體現階最兩個人可以各自與不同對象擁有戀愛關係; 緊接而來的是即將開幕的新餐廳又有許許多多的事情讓莎夏焦頭爛額，好死不死的偏偏這時候馬可仕又再一次出現在自己的生命中…人生到底能有多命運?!');

-- --------------------------------------------------------

--
-- 資料表結構 `movie_actor`
--

CREATE TABLE `movie_actor` (
  `actor_id` varchar(10) NOT NULL,
  `actor_name` varchar(40) DEFAULT NULL
) ENGINE=InnoDB DEFAULT CHARSET=utf8mb4;

--
-- 傾印資料表的資料 `movie_actor`
--

INSERT INTO `movie_actor` (`actor_id`, `actor_name`) VALUES
('A000000001', 'Taissa Farmiga'),
('A000000002', 'Vera Ann Farmiga'),
('A000000003', 'Patrick Joseph Wilson'),
('A000000004', 'Annabelle Frances Wallis'),
('A000000005', 'Talitha Eliana Bateman'),
('A000000006', 'Liam John Neeson'),
('A000000007', 'Jesse Adam Eisenberg'),
('A000000008', '柳承龍'),
('A000000009', 'Rebel Melanie Elizabeth Wilson'),
('A000000010', '二階堂富美'),
('A000000011', '何宇恆'),
('A000000012', '克拉克蓋博'),
('A000000013', '傑森·斯坦森'),
('A000000014', '尼古拉斯·凱奇'),
('A000000015', '阿米爾.汗'),
('A000000016', '約翰尼·德普'),
('A000000017', '瑪格羅比'),
('A000000018', '妮可基嫚'),
('A000000019', '阿爾帕西諾'),
('A000000020', '摩根·弗里曼'),
('A000000021', '馬特.達蒙'),
('A000000022', '本·阿弗萊克'),
('A000000023', '.威爾.史密斯'),
('A000000024', '湯姆·漢克斯'),
('A000000025', '安東尼.霍普金斯'),
('A000000026', '凱文·史派西'),
('A000000027', '羅伯特·德尼羅'),
('A000000028', '格利高里·派克'),
('A000000029', '阿倫·瑞克曼'),
('A000000030', '科林費斯'),
('A000000031', '羅伯特·克耐普'),
('A000000032', '丹澤爾·華盛頓'),
('A000000033', '裘德·洛'),
('A000000034', '約翰·庫薩克'),
('A000000035', '蒂姆·羅賓斯'),
('A000000036', '麥可·道格拉斯'),
('A000000037', '加里·奧德曼'),
('A000000038', '布拉德·皮特'),
('A000000039', '休·格蘭特'),
('A000000040', '希斯·萊傑');

-- --------------------------------------------------------

--
-- 資料表結構 `series`
--

CREATE TABLE `series` (
  `Series_id` varchar(10) NOT NULL,
  `Series_Name` varchar(40) DEFAULT NULL,
  `Series_Year` date DEFAULT NULL,
  `Series_Grade` varchar(5) DEFAULT NULL,
  `Series_Dir` varchar(40) DEFAULT NULL,
  `Series_Season` int(2) DEFAULT NULL,
  `Series_Address` varchar(100) NOT NULL,
  `Series_Tag` varchar(40) NOT NULL,
  `Series_Photo` varchar(500) NOT NULL
) ENGINE=InnoDB DEFAULT CHARSET=utf8mb4;

--
-- 傾印資料表的資料 `series`
--

INSERT INTO `series` (`Series_id`, `Series_Name`, `Series_Year`, `Series_Grade`, `Series_Dir`, `Series_Season`, `Series_Address`, `Series_Tag`, `Series_Photo`) VALUES
('T000000001', '偷米的奇妙冒險', '2019-09-30', 'PG', 'Ja bu', 1, 'https://www.youtube.com/embed/sdptHQx7GpA', 'Funny', 'https://img.ruten.com.tw/s1/c/5b/f3/21846978034675_705.jpg'),
('T000000002', '一拳超人', '2015-10-04', 'G', '夏目真悟', 1, 'https://www.youtube.com/embed/sia10ocj6YM', 'Animation', 'https://p2.bahamut.com.tw/B/2KU/13/083fabf11f137bb2477814ebfa18cuh5.JPG?v=1587525268970');

-- --------------------------------------------------------

--
-- 資料表結構 `singer`
--

CREATE TABLE `singer` (
  `sin_id` varchar(10) NOT NULL,
  `sin_Name` varchar(40) DEFAULT NULL,
  `Sin_Year` year(4) DEFAULT NULL,
  `Sin_Country` char(40) DEFAULT NULL,
  `Sin_Intro` varchar(1500) DEFAULT NULL
) ENGINE=InnoDB DEFAULT CHARSET=utf8mb4;

--
-- 傾印資料表的資料 `singer`
--

INSERT INTO `singer` (`sin_id`, `sin_Name`, `Sin_Year`, `Sin_Country`, `Sin_Intro`) VALUES
('C000000001', '五月天', 1999, '中華民國', '由主唱阿信、團長暨吉他手怪獸、吉他手石頭、貝斯手瑪莎和鼓手冠佑共五人組成；除冠佑外，其餘四人皆畢業自臺北市國立師大附中。樂團前身為「So Band」樂團，於1997年3月29日改為現名，其名稱取自瑪莎在BBS的代號「MayDay」。'),
('C000000002', '薛之謙', 2005, '中華人民共和國', '出生於上海，其母親在其四歲時因心臟病去世。早年曾學習美術繪畫，後赴瑞士就讀格里昂酒店管理學院酒店管理專業。至2019年底，已發布十張個人專輯，大部分歌曲由其本人作詞作曲，代表作品有《演員》、《醜八怪》等。'),
('C000000003', '鄧紫棋', 2008, '香港', '本名鄧詩穎（英語：Gloria Tang Sze-wing），是一名香港創作歌手。於中國上海出生，四歲時移居到英屬香港。2008年7月10日，以16歲之齡出道，取得香港三大樂壇頒獎禮新人金獎。2012年，發行專輯《Xposed》並奪得香港IFPI成為全年最高銷量香港女歌手，並憑藉《Xposed》於2013年入圍第24屆台灣金曲獎最佳女歌手，成為入圍金曲歌后最年輕的女歌手。2014年，因參與中國湖南衛視歌唱競賽節目我是歌手時的亮眼表現在中國大陸及全球華語地區迅速走紅。'),
('C000000004', '周杰倫', 2000, '中華民國', '臺灣華語流行歌曲男歌手、音樂家、編曲家、唱片製片人、魔術師。同時是演員、導演，潮流品牌PHANTACi主理人、電子競技職業戰隊J Team的老闆。'),
('C000000005', '梁靜茹', 1999, '馬來西亞', '本名梁翠萍，馬來西亞著名華裔女歌手，歌手張智成的表妹，出生於馬來西亞森美蘭州瓜拉庇勞縣，有「亞洲情歌天后」之稱。1999年出道至今已發行了13張音樂專輯和兩張精選專輯，全亞洲銷量逾1800萬張。除演唱事業外，梁靜茹亦積極參與公益事業，擔任馬來西亞世界展望會愛心大使和創世基金會愛心大使。'),
('C000000006', '張惠妹', 1996, '中華民國', '出生於臺灣臺東縣卑南鄉大巴六九部落（卑南語：Tamalrakaw），華語歌手。1996年以《姊妹》專輯出道。張惠妹在華語流行樂壇二十餘年來享有崇高的影響力與地位，出道至今已發行19張個人專輯，全球已累有5500餘萬張唱片銷量和270餘場世界巡迴售票演唱會，為華語女歌手唱片銷量及演唱會場次紀錄保持人，其中世界巡迴演唱會以及個人國內演唱會的觀賞人數接近600萬人次。被眾多歌手、音樂人及媒體譽為國寶級天后。亦是亞洲華語流行音樂天后代表性人物之一，在1990年代後期至今的華語流行樂壇，具舉足輕重的影響力。'),
('C000000007', '林俊傑', 2003, '新加坡', '新加坡出生的華語男歌手、詞曲作家、音樂製作人，祖籍有福建省廈門、小金門與泉州安溪。曾拿下金曲獎最佳新人獎以及兩屆金曲獎最佳男歌手。2003年，林俊傑發行首張創作專輯《樂行者》，之後憑藉2004年的專輯《第二天堂》中《江南》一曲而成名。隨後的《小酒窩》、《曹操》、《她說》等歌曲亦造成廣大迴響。2014年，他以專輯《因你而在》榮獲第25屆金曲獎最佳國語男歌手獎。2016年，再以專輯《和自己對話》奪得第27屆金曲獎最佳國語男歌手獎及演唱類最佳作曲人獎。'),
('C000000008', '蔡依林', 1999, '中華民國', '是臺灣華語流行音樂女歌手。蔡依林因不斷革新其音樂風格與視覺形象而聞名，被媒體視為推動舞曲成為大中華區主流流行音樂的重要人物，其如今主導於音樂事業上的方向與步驟，承載思想的音樂作品更無可置疑。被媒體稱為「亞洲流行天后」的蔡依林，通過發行一系列於市場與口碑上皆為成功的專輯，於中文國家和地區獲得了足夠的知名度與粉絲基礎，是華語樂壇最具影響力的人物之一。'),
('C000000009', '田馥甄', 2001, '中華民國', '藝名Hebe，臺灣華語流行音樂知名女歌手，女子演唱團體S.H.E組合成員，出生於台灣新竹縣新豐鄉，於2000年參加「宇宙2000實力美少女爭霸戰」選秀活動，並於同年與宇宙唱片（華研唱片前身）簽約培訓，接著在隔年與Selina、Ella組成S.H.E，並於2001年9月11日發行S.H.E首張專輯《女生宿舍》正式出道。2010年下半年，S.H.E正式邁向「單飛不解散」階段，接著同年9月3日，以本名「田馥甄」推出首張個人專輯《To Hebe》，並在2014年12月舉辦單飛後個人首場世界巡迴演唱會。'),
('C000000010', '王力宏', 1995, '中華民國', '出生及成長於美國紐約上州羅切斯特，華語流行音樂歌手，是全方位音樂家及藝人，也是唱片製作人、作曲人、編曲人和電影導演，畢業於威廉士學院。1995年王力宏於臺灣發行第一張華語專輯《情敵貝多芬》，並在華語地區及亞洲發展音樂事業。近年來多參與公益活動及戲劇演出。'),
('C000000011', 'Joji', 1992, '日本', '譯自英文-喬治·庫蘇諾基·米勒（George Kusunoki Miller）以其藝名Joji和以前的在線別名Filthy Frank和Pink Guy而聞名，他是日本歌唱家，唱片製作人，作家，曾是互聯網紅人，youtuber和喜劇演員。'),
('C000000012', 'Wifisfuneral', 1997, '美國', '譯自英文-以賽亞·里維拉（Isaiah Rivera）的藝名是Wifisfuneral，他是美國前饒舌歌手和歌曲創作人。他以突破性的混音帶，《黑心復仇》，《地獄降臨》，《以太網》和《狼來了的男孩》而聞名。退休前，他曾與Alamo唱片公司和Empire唱片公司簽約，此前還與Interscope唱片公司簽約。'),
('C000000013', 'Joey Trap', 1998, '美國', '1998 年 10 月 26 日（21歲），美國紐約州紐約布朗克斯'),
('C000000014', 'Rich Brian', 1999, '印尼', '布萊恩·伊曼紐，原藝名Rich Chigga，後改為Rich Brian，是一位印尼華裔歌手、喜劇演員');

-- --------------------------------------------------------

--
-- 資料表結構 `songs`
--

CREATE TABLE `songs` (
  `Son_Id` varchar(10) NOT NULL,
  `Son_Name` varchar(40) DEFAULT NULL,
  `Son_Year` year(4) DEFAULT NULL,
  `Son_Lyric` varchar(1000) DEFAULT NULL,
  `Son_Long` time DEFAULT NULL,
  `Son_Address` varchar(100) DEFAULT NULL,
  `sing_id` varchar(10) DEFAULT NULL,
  `Acc_Email` varchar(40) NOT NULL,
  `Son_Pic` varchar(500) NOT NULL
) ENGINE=InnoDB DEFAULT CHARSET=utf8mb4;

--
-- 傾印資料表的資料 `songs`
--

INSERT INTO `songs` (`Son_Id`, `Son_Name`, `Son_Year`, `Son_Lyric`, `Son_Long`, `Son_Address`, `sing_id`, `Acc_Email`, `Son_Pic`) VALUES
('S000000001', '突然好想你', 2008, '最怕空氣突然安靜 最怕朋友突然的關心\r\n最怕回憶 突然翻滾絞痛著不平息 最怕突然 聽到你的消息\r\n想念如果會有聲音 不願那是悲傷的哭泣\r\n事到如今 終於讓自己屬於我自己 只剩眼淚 還騙不過自己\r\n\r\n突然好想你 你會在哪裡 過得快樂或委屈\r\n突然好想你 突然鋒利的回憶 突然模糊的眼睛\r\n\r\n我們像一首最美麗的歌曲 變成兩部悲傷的電影\r\n為什麼你 帶我走過最難忘的旅行 然後留下 最痛的紀念品\r\n\r\n我們 那麼甜那麼美那麼相信 那麼瘋那麼熱烈的曾經\r\n為何我們還是要奔向各自的幸福和遺憾中老去\r\n\r\n突然好想你 你會在哪裡 過得快樂或委屈\r\n突然好想你 突然鋒利的回憶 突然模糊的眼睛\r\n\r\n最怕空氣突然安靜 最怕朋友突然的關心\r\n最怕回憶 突然翻滾絞痛著不平息 最怕突然 聽到你的消息\r\n\r\n最怕此生 已經決心自己過沒有你 卻又突然 聽到你的消息', '00:04:46', '../music/spotiflix/1.mp3', 'C000000001', '', 'https://img.mymusic.net.tw/mms/album/L/190/55190.jpg'),
('S000000002', '我不願讓你一個人', 2011, '你說呢 明知你不在還是會問\r\n空氣 卻不能代替你 出聲\r\n習慣 像永不癒合的固執傷痕\r\n一思念就撕裂靈魂\r\n把相片 讓你能保存多洗一本\r\n毛衣 也為你準備多 一層\r\n但是 你孤單時刻安慰的體溫\r\n怎麼為你多留一份\r\n我不願讓你一個人\r\n一個人在人海浮沉\r\n我不願你獨自走過\r\n風雨的 時分\r\n我不願讓你一個人\r\n承受這世界的殘忍\r\n我不願眼淚陪你到 永恆\r\n你走後 愛情的遺跡像是空城\r\n遺落 你杯子手套和 笑聲\r\n最後 你只帶走你脆弱和單純\r\n和我最放不下的人\r\n\r\n也許未來 你會找到 懂你疼你 更好的人\r\n下段旅程 你一定要 更幸福豐盛\r\n我不願讓你一個人\r\n一個人在人海浮沉\r\n我不願你獨自走過\r\n風雨的 時分\r\n我不願讓你一個人\r\n承受這世界的殘忍\r\n我不願眼淚陪你到 永恆\r\n你說呢 明知你不在還是會問\r\n只因 習慣你滿足的 眼神\r\n只是 我最後一個 奢求的可能\r\n只求你有快樂人生\r\n只求命運 帶你去一段全新的旅程\r\n往幸福的天涯飛奔\r\n別回頭就往前飛奔\r\n請忘了我還 一 個 人', '00:04:26', '../music/spotiflix/2.mp3', 'C000000001', '', 'https://i.kfs.io/album/global/310226,0v1/fit/500x500.jpg'),
('S000000003', '演員', 2015, '簡單點 說話的方式簡單點\r\n遞進的情緒請省略\r\n你又不是個演員\r\n別設計那些情節\r\n沒意見 我只想看看你怎麼演\r\n你難過的太表面 像沒天賦的演員\r\n觀眾一眼能看見\r\n該配合你演出的我 演視而不見\r\n在逼一個最愛你的人 即興表演\r\n什麼時候我們開始 收起了底線\r\n順應時代的改變 看那些拙劣的表演\r\n可你曾經那麼愛我 幹嘛演出細節\r\n我該變成什麼樣子 才能延緩厭倦\r\n原來當愛放下防備後的這些那些\r\n才是考驗\r\n沒意見 你想怎樣我都隨便\r\n你演技也有限 又不用說感言\r\n分開就平淡些\r\n該配合你演出的我 演視而不見\r\n別逼一個最愛你的人 即興表演\r\n什麼時候我們開始 沒有了底線\r\n順著別人的謊言 被動就不顯得可憐\r\n可你曾經那麼愛我 幹嘛演出細節\r\n我該變成什麼樣子 才能配合出演\r\n原來當愛放下防備後的這些那些\r\n都有個期限\r\n其實台下的觀眾就我一個\r\n其實我也看出你有點不捨\r\n場景也習慣我們來回拉扯\r\n還計較著什麼\r\n其實說分不開的也不見得\r\n其實感情最怕的就是拖著\r\n越演到重場戲越哭不出了\r\n是否還值得\r\n該配合你演出的我 盡力在表演\r\n像情感節目裡的嘉賓 任人挑選\r\n如果還能看出我有愛你的那面\r\n請剪掉那些情節 讓我看上去體面\r\n可你曾經那麼愛我 幹嘛演出細節\r\n不在意的樣子是我最後的表演\r\n是因為愛你我才選擇表演 這種成全', '00:04:58', '../music/spotiflix/3.mp3', 'C000000002', '', 'https://i.kfs.io/album/global/6542696,1v1/fit/500x500.jpg'),
('S000000004', '醜八怪', 2013, '如果世界漆黑 其實我很美\r\n在愛情裡面進退 最多被消費\r\n無關痛癢的是非\r\n又怎麼不對 無所謂\r\n如果像你一樣 總有人讚美\r\n圍繞著我的卑微 也許能消退\r\n其實我並不在意 有很多機會\r\n像巨人一樣的無畏\r\n放縱我心裡的鬼\r\n可是我不配\r\n\r\n醜八怪 能否別把燈打開\r\n我要的愛 出沒在漆黑一片的舞台\r\n醜八怪 在這曖昧的時代\r\n我的存在 像意外\r\n\r\n有人用一滴淚 會紅顏禍水\r\n有人丟掉稱謂 什麼也不會\r\n只要你足夠虛偽\r\n就不怕魔鬼 對不對\r\n\r\n如果劇本寫好 誰比誰高貴\r\n我只能沉默以對 美麗本無罪\r\n當慾望開始貪杯 有很多機會\r\n像塵埃一樣的無畏\r\n化成灰 誰認得誰\r\n管他配不配\r\n\r\n醜八怪 能否別把燈打開\r\n我要的愛 出沒在漆黑一片的舞台\r\n醜八怪 在這曖昧的時代\r\n我的存在 不意外\r\n\r\n醜八怪 其實見多就不怪\r\n放肆去HIGH 用力踩\r\n那不堪一擊的潔白\r\n醜八怪 這是我們的時代\r\n我不存在 才意外', '00:04:02', '../music/spotiflix/4.mp3', 'C000000002', '', 'https://i.kfs.io/album/tw/2527177,0v1/fit/500x500.jpg'),
('S000000005', '光年之外', 2016, '感受停在我髮端的指尖\r\n如何瞬間 凍結時間\r\n記住望著我堅定的雙眼\r\n也許已經 沒有明天\r\n\r\n面對浩瀚的星海\r\n我們微小得像塵埃\r\n漂浮在 一片無奈\r\n\r\n緣份讓我們相遇亂世以外\r\n命運卻要我們危難中相愛\r\n也許未來遙遠在光年之外\r\n我願守候未知裡為你等待\r\n\r\n我沒想到 為了你 我能瘋狂到\r\n山崩海嘯 沒有你 根本不想逃\r\n我的大腦 為了你 已經瘋狂到\r\n脈搏心跳 沒有你 根本不重要\r\n\r\n一雙圍在我胸口的臂彎\r\n足夠抵擋 天旋地轉\r\n一種執迷不放手的倔強\r\n足以點燃 所有希望\r\n\r\n宇宙磅礡而冷漠\r\n我們的愛微小卻閃爍\r\n顛簸 卻如此忘我\r\n\r\n緣份讓我們相遇亂世以外\r\n命運卻要我們危難中相愛\r\n也許未來遙遠在光年之外\r\n我願守候未知裡為你等待\r\n\r\n我沒想到 為了你 我能瘋狂到\r\n山崩海嘯 沒有你 根本不想逃\r\n我的大腦 為了你 已經瘋狂到\r\n脈搏心跳 沒有你 根本不重要\r\n\r\n也許航道以外 是醒不來的夢\r\n亂世以外 是純粹的相擁\r\n\r\n我沒想到 為了你 我能瘋狂到\r\n山崩海嘯 沒有你 根本不想逃\r\n我的大腦 為了你 已經瘋狂到\r\n脈搏心跳 沒有你 根本不重要\r\n\r\n相遇亂世以外 危難中相愛\r\n相遇亂世以外 危難中相愛\r\n我沒想到', '00:03:55', '../music/spotiflix/5.mp3', 'C000000003', '', 'https://data.17jita.com/attachment/portal/201903/04/143759y946stvttwvvqtdp.jpg'),
('S000000006', '來自天堂的魔鬼 AWAY', 2015, '夜裡做了美麗的惡夢\r\n想清醒我卻抵不過心動\r\n夢裡你是無底的黑洞\r\n我無力抗拒失重\r\n\r\n我的意識自控脈搏流動\r\n全被你神秘引力操控\r\n親愛的你是危險的迷宮\r\n我找不到出口\r\n\r\nYou took my heart away, away, away, away\r\nMy head is blown away, away, away, away\r\n你就是傳說來自天堂的魔鬼\r\nYou should take my heart away, away, away, away, away, away, away\r\n\r\n拜託別對我細心問候\r\n這是你也不察覺的陰謀\r\n我討厭你無心的微笑\r\n我快無可救藥\r\n\r\n你像一個漩渦慢慢讓我\r\n無法抽離一直地墜落\r\n親愛的你是優雅的惡魔\r\n一點一點把我吞沒\r\n\r\nYou took my heart away, away, away, away\r\nMy head is blown away, away, away, away\r\n你就是傳說來自天堂的魔鬼\r\nYou should take my heart away, away, away, away, away, away, away\r\n\r\n如果你是蛇的誘惑 你存心迷惑 我才能軟弱\r\n但你是牛頓頭上那顆 若無其事的蘋果\r\n\r\nYou took my heart away, away, away, away\r\nYou took my heart away, away, away, away\r\nYou took my heart away, away, away, away\r\nMy head is blown away, away, away, away\r\n你就是傳說來自天堂的魔鬼\r\nYou should take my heart away, away, away, away, away, away, away', '00:04:16', '../music/spotiflix/6.mp3', 'C000000003', '', 'https://c-sf.smule.com/sf/s66/arr/0c/ac/c502b66b-83b8-4110-ba34-f75e9aa4a79a_512.jpg'),
('S000000007', '告白氣球', 2016, '塞納河畔 左岸的咖啡\r\n我手一杯 品嚐你的美\r\n留下唇印的嘴\r\n\r\n花店玫瑰 名字寫錯誰\r\n告白氣球 風吹到對街\r\n微笑在天上飛\r\n\r\n你說你有點難追 想讓我知難而退\r\n禮物不需挑最貴 只要香榭的落葉\r\n營造浪漫的約會 不害怕搞砸一切\r\n擁有你就擁有 全世界\r\n\r\n親愛的 愛上你 從那天起\r\n甜蜜的很輕易\r\n親愛的 別任性 你的眼睛\r\n在說我願意\r\n\r\n塞納河畔 左岸的咖啡\r\n我手一杯 品嚐你的美\r\n留下唇印的嘴\r\n\r\n花店玫瑰 名字寫錯誰\r\n告白氣球 風吹到對街\r\n微笑在天上飛\r\n\r\n你說你有點難追 想讓我知難而退\r\n禮物不需挑最貴 只要香榭的落葉\r\n營造浪漫的約會 不害怕搞砸一切\r\n擁有你就擁有 全世界\r\n\r\n親愛的 愛上你 從那天起\r\n甜蜜的很輕易\r\n親愛的 別任性 你的眼睛\r\n在說我願意\r\n\r\n親愛的 愛上你 戀愛日記\r\n飄香水的回憶\r\n一整瓶 的夢境 全都有你\r\n攪拌在一起\r\n\r\n親愛的別任性 你的眼睛\r\n在說我願意', '00:03:35', '../music/spotiflix/7.mp3', 'C000000004', '', 'https://i1.sndcdn.com/artworks-000280071455-0mxjld-t500x500.jpg'),
('S000000008', '說好的幸福呢', 2008, '妳的回話凌亂著 在這個時刻\r\n我想起噴泉旁的白鴿 甜蜜散落了\r\n情緒莫名的拉扯 我還愛妳呢\r\n而妳斷斷續續唱著歌 假裝沒事了\r\n時間過了 走了 愛情面臨選擇 妳冷了 倦了 我哭了\r\n離開時的不快樂 妳用卡片手寫著 有些愛只給到這 真的痛了\r\n怎麼了 妳累了 說好的 幸福呢\r\n我懂了 不說了 愛淡了 夢遠了\r\n開心與不開心一一細數著 妳再不捨\r\n那些愛過的感覺都太深刻 我都還記得\r\n妳不等了 說好的 幸福呢\r\n我錯了 淚乾了 放手了 後悔了\r\n只是回憶的音樂盒還旋轉著 要怎麼停呢\r\n妳的回話凌亂著 在這個時刻\r\n我想起噴泉旁的白鴿 甜蜜散落了\r\n情緒莫名的拉扯 我還愛妳呢\r\n而妳斷斷續續唱著歌 假裝沒事了\r\n時間過了 走了 愛情面臨選擇 妳冷了 倦了 我哭了\r\n離開時的不快樂 妳用卡片手寫著 有些愛只給到這 真的痛了\r\n怎麼了 妳累了 說好的 幸福呢\r\n我懂了 不說了 愛淡了 夢遠了\r\n開心與不開心一一細數著 妳再不捨\r\n那些愛過的感覺都太深刻 我都還記得\r\n妳不等了 說好的 幸福呢\r\n我錯了 淚乾了 放手了 後悔了\r\n只是回憶的音樂盒還旋轉著 要怎麼停呢\r\n怎麼了 妳累了 說好的 幸福呢\r\n我懂了 不說了 愛淡了 夢遠了我都還記得\r\n妳不等了 說好的 幸福呢\r\n我錯了 淚乾了 放手了 後悔了\r\n只是回憶的音樂盒還旋轉著 要怎麼停呢', '00:04:16', '../music/spotiflix/8.mp3', 'C000000004', '', 'https://5b0988e595225.cdn.sohucs.com/images/20171102/bd46341f25c34f02af189cc7cf5bcded.jpeg'),
('S000000009', '勇氣', 2000, '終於作了這個決定 別人怎麼說我不理\r\n只要你也一樣的肯定\r\n我願意天涯海角都隨你去\r\n我知道一切不容易\r\n我的心一直溫習說服自己\r\n最怕你忽然說要放棄\r\n愛真的需要勇氣 來面對流言蜚語\r\n只要你一個眼神肯定 我的愛就有意義\r\n我們都需要勇氣 去相信會在一起\r\n人潮擁擠我能感覺你\r\n放在我手心裡 你的真心\r\n終於作了這個決定 別人怎麼說我不理\r\n只要你也一樣的肯定\r\n我願意天涯海角都隨你去\r\n我知道一切不容易\r\n我的心一直溫習說服自己\r\n最怕你忽然說要放棄\r\n愛真的需要勇氣 來面對流言蜚語\r\n只要你一個眼神肯定 我的愛就有意義\r\n我們都需要勇氣 去相信會在一起\r\n人潮擁擠我能感覺你\r\n放在我手心裡 你的真心\r\n\r\n如果我的堅強任性\r\n會不小心傷害了你\r\n你能不能溫柔提醒\r\n我雖然心太急 更害怕錯過你\r\n\r\n愛真的需要勇氣 來面對流言蜚語\r\n只要你一個眼神肯定 我的愛就有意義\r\n我們都需要勇氣 去相信會在一起\r\n人潮擁擠我能感覺你\r\n放在我手心裡 你的真心', '00:04:00', '../music/spotiflix/9.mp3', 'C000000005', '', 'https://i.ytimg.com/vi/BVpXUyXPKOg/hqdefault.jpg'),
('S000000010', '可惜不是你', 2005, '這一刻 突然覺得好熟悉\r\n像昨天 今天同時在放映\r\n我這句語氣 原來好像你\r\n不就是我們愛過的證據\r\n差一點 騙了自己騙了你\r\n愛與被愛不一定成正比\r\n我知道被疼是一種運氣\r\n但我無法完全交出自己\r\n努力為你改變 卻變不了 預留的伏線\r\n以為在你身邊 那也算永遠\r\n彷彿還是昨天 可是昨天 已非常遙遠\r\n但閉上雙眼 我還看得見\r\n可惜不是你 陪我到最後\r\n曾一起走卻走失那路口\r\n感謝那是你 牽過我的手\r\n還能感受那溫柔\r\n那一段我們曾心貼著心\r\n我想我更有權利關心你\r\n可能你 已走進別人風景\r\n多希望也有星光的投影\r\n努力為你改變 卻變不了 預留的伏線\r\n以為在你身邊 那也算永遠\r\n彷彿還是昨天 可是昨天 已非常遙遠\r\n但閉上雙眼 我還看得見\r\n可惜不是你 陪我到最後\r\n曾一起走卻走失那路口\r\n感謝那是你 牽過我的手\r\n還能感受那溫柔\r\n可惜不是你 陪我到最後\r\n曾一起走卻走失那路口\r\n感謝那是你 牽過我的手\r\n還能感受那溫柔\r\n感謝那是你 牽過我的手\r\n還能溫暖我胸口', '00:04:47', '../music/spotiflix/10.mp3', 'C000000005', '', 'https://lastfm-img2.akamaized.net/i/u/300x300/d8a1602c6e25414d977e7ae8397e2c6f.png'),
('S000000011', '聽海', 1997, '寫信告訴我今天 海是什麼顏色\r\n夜夜陪著你的海 心情又如何\r\n灰色是不想說 藍色是憂鬱\r\n而漂泊的你 狂浪的心 停在哪裡\r\n\r\n＊寫信告訴我今夜 你想要夢什麼\r\n夢裡外的我是否 都讓你無從選擇\r\n我揪著一顆心 整夜都閉不了眼睛\r\n為何你明明動了情 卻又不靠近\r\n\r\n聽 海哭的聲音 嘆惜著誰又被傷了心 卻還不清醒\r\n一定不是我 至少我很冷靜\r\n可是淚水 就連淚水也都不相信\r\n\r\n聽 海哭的聲音 這片海未免也太多情 悲泣到天明\r\n寫封信給我 就當最後約定\r\n說你在離開我的時候 是怎樣的心情\r\n\r\n\r\n＊寫信告訴我今夜 你想要夢什麼\r\n夢裡外的我是否 都讓你無從選擇\r\n我揪著一顆心 整夜都閉不了眼睛\r\n為何你明明動了情 卻又不靠近\r\n\r\n聽 海哭的聲音 嘆惜著誰又被傷了心 卻還不清醒\r\n一定不是我 至少我很冷靜\r\n可是淚水 就連淚水也都不相信\r\n\r\n聽 海哭的聲音 這片海未免也太多情 悲泣到天明\r\n寫封信給我 就當最後約定\r\n說你在離開我的時候 是怎樣的心情', '00:05:16', '../music/spotiflix/11.mp3', 'C000000006', '', 'https://img.mymusic.net.tw/mms/album/L/342/342.jpg'),
('S000000012', '連名帶姓', 2017, '零七年 那一首定情曲的前奏\r\n要是依然念念不忘 太不稱頭\r\n早放生彼此 好好過 都多久\r\n你怎麼像標本 杵在我心裡頭\r\n後來的那幾個 又沒做錯什麼\r\n他們口中自私的我\r\n犯了偷竊時間的錯 複製貼上你的愛\r\n也很精彩的你 不甘寂寞\r\n這圈子不太大 多少聽說\r\n欣賞你流浪 像是種信仰\r\n我真這麼想\r\n再被你提起 已是連名帶姓\r\n謊稱是友誼 卻疏遠得可以\r\n多少人愛我 偏放不下你 是公開的秘密\r\n只剩你沒拆穿我\r\n再處心積慮 終究事不關己\r\n哪來的勇氣 我就是不灰心\r\n我且愛且走 其實在等你 是僅有的默契\r\n你會不會又錯過 我沒有把握\r\n算不清 多少個跨年夜一起過\r\n要是依然念念不忘 太不稱頭\r\n早放生彼此 好好過 都多久\r\n你怎麼像標本 杵在我心裡頭\r\n後來的那幾個 又沒做錯什麼\r\n他們口中自私的我\r\n犯了偷竊時間的錯 複製貼上你的愛\r\n也很精彩的你 不甘寂寞\r\n這圈子不太大 多少聽說\r\n欣賞你流浪 像是種信仰\r\n我真這麼想\r\n再被你提起 已是連名帶姓\r\n謊稱是友誼 卻疏遠得可以\r\n多少人愛我 偏放不下你 是公開的秘密\r\n只剩你沒拆穿我\r\n再處心積慮 終究事不關己\r\n哪來的勇氣 我就是不灰心\r\n我且愛且走 其實在等你 是最後的默契\r\n要是我們又錯過 就別再回頭', '00:05:59', '../music/spotiflix/12.mp3', 'C000000006', '', 'https://www.am1470.com/data/activities/1512363328-3.jpg'),
('S000000013', '不為誰而作的歌', 2015, '原諒我這一首 不為誰而作的歌\r\n感覺上彷彿窗外的夜色\r\n曾經有那一刻 回頭竟然認不得\r\n需要 從記憶再摸索 的人 和他們關心的\r\n的地方 和那些走過的 請等一等\r\n\r\n夢為努力澆了水 愛在背後往前推\r\n當我抬起頭才發覺 我是不是忘了誰\r\n累到整夜不能睡 夜色哪裡都是美\r\n一定有個人 她 躲過 避過 閃過 瞞過\r\n她是誰 她是誰\r\n\r\n\r\n原諒我這一首 不為誰而作的歌\r\n感覺上彷彿窗外的夜色\r\n曾經有那一刻 回頭竟然認不得\r\n需要 從記憶再摸索 的人 和他們關心的\r\n的地方 和那些走過的Ya\r\n\r\n夢為努力澆了水 愛在背後往前推\r\n當我抬起頭才發覺 我是不是忘了誰\r\n累到整夜不能睡 夜色哪裡都是美\r\n一定有個人 他 躲過 避過 閃過 瞞過\r\n他是誰 他是誰\r\n\r\n\r\n也許在真實面對自己才不顧一切\r\n去探究當初我害怕面對\r\n\r\n夢為努力澆了水 愛在背後往前推\r\n當我抬起頭才發覺 我是不是忘了誰\r\n累到整夜不能睡 夜色哪裡都是美\r\n一定有個他 躲過 避過 閃過 瞞過\r\n他是誰 他是誰 他是誰', '00:05:12', '../music/spotiflix/13.mp3', 'C000000007', '', 'https://i.kfs.io/album/global/11203226,2v1/fit/500x500.jpg'),
('S000000014', '修煉愛情', 2013, '憑什麼要失望 藏眼淚到心臟\r\n往事不會說謊 別跟他為難\r\n我們兩人之間 不需要這樣\r\n我想\r\n\r\n修煉愛情的心酸\r\n學會放好以前的渴望\r\n我們那些信仰 要忘記多難\r\n遠距離的欣賞 近距離的迷惘\r\n誰說太陽會找到月亮\r\n別人有的愛 我們不可能模仿\r\n\r\n修煉愛情的悲歡\r\n我們這些努力不簡單\r\n快樂煉成淚水 是一種勇敢\r\n幾年前的幻想 幾年後的原諒\r\n為一張臉去養一身傷\r\n別講想念我 我會受不了這樣\r\n\r\n記憶它真囂張 路燈把痛點亮\r\n情人一起看過 多少次月亮\r\n它在天空 看過多少次遺忘\r\n多少心慌\r\n\r\n修煉愛情的心酸\r\n學會放好以前的渴望\r\n我們那些信仰 要忘記多難\r\n遠距離的欣賞 近距離的迷惘\r\n誰說太陽會找到月亮\r\n別人有的愛 我們不可能模仿\r\n\r\n修煉愛情的悲歡\r\n我們這些努力不簡單\r\n快樂煉成淚水 是一種勇敢\r\n幾年前的幻想 幾年後的原諒\r\n為一張臉去養一身傷\r\n別講想念我 我會受不了這樣\r\n\r\noh~~~~\r\n\r\n笑著說愛讓人瘋狂\r\n哭著說愛讓人緊張\r\n忘不了那個人就投降 oh~\r\n\r\n修煉愛情的悲歡\r\n我們這些努力不簡單\r\n快樂煉成淚水 是一種勇敢\r\n幾年前的幻想 幾年後的原諒\r\n為一張臉去養一身傷\r\n別講想念我 我會受不了這樣\r\n\r\n幾年前的幻想 幾年後的原諒\r\n為一張臉去養一身傷\r\n別講想念我 我會受不了這樣', '00:05:53', '../music/spotiflix/14.mp3', 'C000000007', '', 'https://dingyue.ws.126.net/2019/10/16/164c823b1ba742c3acf1485d8a0ecdce.jpeg'),
('S000000015', '我呸', 2014, '半夜一點的無邪浪蕩睡衣姐妹\r\n清晨五點的萬人登山體操大會\r\n六零年代歐洲前衛地下導演討論會\r\n九零年代偶像復出簽名握手擁抱會\r\n零下五十度北極探險為期十幾天\r\n撒哈拉酷熱絕對崩潰生存考驗\r\n三天兩夜集體K歌歇斯底里的宣泄\r\n芳香精油深度放鬆無意識催眠\r\n文藝裝逼亂世盛裝派對\r\n女神豐乳肥臀九頭身材\r\n男神彎弓射雕六塊肌排\r\n比錢更重要的是人魚線\r\n管你小眾大眾我呸\r\n管你是小清新是重口味我呸\r\n管你是那一類甲蟲我呸 我呸 都呸 都Play\r\n什麼都喜歡什麼都會什麼都\r\n什麼都喜歡什麼都會什麼都\r\n什麼都喜歡什麼都會什麼都\r\n什麼都喜歡什麼都會\r\n什麼都呸都Play\r\n都呸都Play\r\n都呸都Play\r\n都呸都Play\r\n星期三下午與文青男友的約會\r\n全套文藝少女裝備讓他非常陶醉\r\n星期五二十四小時洗衣店讀海明威\r\n網路上五十個分身匿名一點都不累\r\n文藝裝逼亂世盛裝派對\r\n女神豐乳肥臀九頭身材\r\n男神彎弓射雕六塊肌排\r\n比錢更重要的是馬甲線\r\n管你小眾大眾我呸\r\n管你是小清新是重口味我呸\r\n管你是那一類甲蟲我呸 我呸 都呸 都Play\r\n什麼都喜歡什麼都會什麼都\r\n什麼都喜歡什麼都會什麼都\r\n什麼都喜歡什麼都會\r\n什麼都呸都Play\r\n都呸都Play\r\n管你後衛前衛我呸\r\n管你原創拷貝我play\r\n管你是那一種馬鈴薯我呸 我呸 都呸 都Play\r\n什麼都喜歡什麼都會什麼都\r\n什麼都喜歡什麼都會什麼都\r\n什麼都喜歡什麼都會\r\n什麼都呸都Play\r\n都呸都Play', '00:03:20', '../music/spotiflix/15.mp3', 'C000000008', '', 'https://i.kfs.io/album/global/31807520,0v1/fit/500x500.jpg'),
('S000000016', '第三人稱', 2014, '主觀鏡頭太靠近 難過太立體\r\n用遠景保持疏離\r\n我冷眼旁觀 霧中風景\r\n不偏不倚 一鏡到底\r\n第二張臉很吃力 笑容很僵硬\r\n用一號表情面對失去\r\n我開始用第三人稱的口氣\r\n不疾不徐 全事不關己\r\n看著他 自成一局歇斯底里\r\n看著他 雙人床上Solo抽泣\r\n第三人稱的自己 有病就呻吟\r\n那麼神經 那麼入戲\r\n第二張臉很吃力 笑容很僵硬\r\n用一號表情面對失去\r\n我開始用第三人稱的口氣\r\n不疾不徐 全事不關己\r\n看著他 自成一局歇斯底里\r\n看著他 雙人床上Solo抽泣\r\n第三人稱的自己 有病就呻吟\r\n那麼神經 那麼入戲\r\n隨便他 自成一局歇斯底里\r\n隨便他 雙人床上Solo抽泣\r\n第三人稱的自己 罵得好過癮\r\n這點破事 什麼玩意\r\n漸漸他平靜 漸漸我走遠\r\n那些瘋狂也漸漸不見\r\n某一天回頭 看見他還站在原地\r\n收留著 那年打包好的眼淚\r\n謝謝他 曾歇斯底里\r\n謝謝他 一直在那裡\r\n第三人稱的自己 我慢慢走近\r\n抱著他忍不住哭泣\r\n那些曾經 都在心裡', '00:05:29', '../music/spotiflix/16.mp3', 'C000000008', '', 'https://i.ytimg.com/vi/8QxQeCNl2zo/hqdefault.jpg'),
('S000000017', '小幸運', 2015, '我聽見雨滴 落在青青草地\r\n我聽見遠方 下課鐘聲響起\r\n可是我沒有聽見你的聲音 認真呼喚我姓名\r\n\r\n愛上你的時候 還不懂感情\r\n離別了 才覺得刻骨銘心\r\n為什麼沒有發現 遇見了你 是生命最好的事情\r\n\r\n也許當時忙著微笑和哭泣\r\n忙著追逐天空中的流星\r\n人理所當然的忘記\r\n是誰風裡 雨裡 一直默默守護在原地\r\n\r\n原來你是 我最想留住的幸運\r\n原來我們 和愛情曾經靠得那麼近\r\n那為我對抗世界的決定 那陪我淋的雨\r\n一幕幕都是你 一塵不染的真心\r\n\r\n與你相遇 好幸運\r\n可我已失去 為你淚流滿面的權利\r\n但願在我看不到的天際 你張開了雙翼\r\n遇見你的註定 她會有多幸運\r\n\r\n青春是段跌跌撞撞的旅行\r\n擁有著後知後覺的美麗\r\n來不及感謝 是你給我勇氣 讓我能做回我自己\r\n\r\n也許當時忙著微笑和哭泣\r\n忙著追逐天空中的流星\r\n人理所當然的忘記\r\n是誰風裡 雨裡 一直默默守護在原地\r\n\r\n原來你是 我最想留住的幸運\r\n原來我們 和愛情曾經靠得那麼近\r\n那為我對抗世界的決定 那陪我淋的雨\r\n一幕幕都是你 一塵不染的真心\r\n\r\n與你相遇 好幸運\r\n可我已失去為你淚流滿面的權利\r\n但願在我看不到的天際 你張開了雙翼\r\n遇見你的註定 Woooo~\r\n她會有多幸運', '00:04:48', '../music/spotiflix/17.mp3', 'C000000009', '', 'https://img.mymusic.net.tw/mms/album/L/410/277410.jpg'),
('S000000018', '還是要幸福', 2011, '不確定就別親吻 感情很容易毀了一個人\r\n一個人若不夠狠 愛淡了不離不棄多殘忍\r\n\r\n你留下來的垃圾 我一天一天總會丟完的\r\n我甚至真心真意的祝福 永恆在你的身上先發生\r\n\r\n你還是要幸福 你千萬不要再招惹別人哭\r\n所有錯誤從我這裏落幕 別跟著我 銘心 刻骨\r\n\r\n你還是要幸福 我才能確定我還得很清楚\r\n確定自己再也不會佔據 你的篇幅\r\n明天 開始 這一切都結束\r\n\r\n還我鑰匙的備份 我覺得再見可以很單純\r\n我甚至真心真意的祝福 永恆在你的身上先發生\r\n\r\n你還是要幸福 你千萬不要再招惹別人哭\r\n所有錯誤從我這裏落幕 別跟著我 銘心 刻骨\r\n\r\n你還是要幸福 我才能確定我還得很清楚\r\n確定自己再也不會佔據 你的篇幅\r\n明天 開始 這一切都結束\r\n\r\n你還是要幸福 你千萬不要再招惹別人哭\r\n所有錯誤從我這裏落幕 別跟著我 銘心 刻骨\r\n\r\n你如果很幸福 半夜的簡訊我就無需回覆\r\n因為你的悲喜已經有了 容身之處\r\n我也 能有 最純粹的孤獨\r\n\r\n最孤獨 的孤獨', '00:04:43', '../music/spotiflix/18.mp3', 'C000000009', '', 'https://www.jgospel.net/jgospel_media/120508/.jpg'),
('S000000019', '愛', 2017, '道德 得到 道德\r\n打了疫苗讓你產生了抗體\r\n恭喜你得到永生\r\n誰都想擁有最完美的情人\r\n隨時幫你捏捏肩，呵呵\r\n\r\n愛，只是一個字而已\r\n但人類千秋和萬代\r\n不明白一直到現在\r\n但 A.I.\r\n能克服所有問題\r\n但道德該放在哪裡\r\n到底道德放在哪裡\r\n到底\r\n道德 得到 道德\r\n\r\nA.I. 愛 A.I. 愛\r\n哎哎 哎呀\r\n\r\n人工智能終於完善了愛情\r\n但別挑戰它下棋\r\n全世界的問題不需再擔心\r\n它將會殖民火星\r\n\r\n愛，只是一個字而已\r\n但人類千秋和萬代\r\n不明白一直到現在\r\n但 A.I.\r\n能克服所有問題\r\n但道德該放在哪裡\r\n到底道德放在哪裡\r\n到底\r\n道德 得到 道德\r\n\r\nA.I. 愛 A.I. 愛\r\n哎哎 哎呀\r\n\r\n愛，只是一個字而已\r\n但人類千秋和萬代\r\n不明白一直到現在\r\n但 A.I.\r\n能克服所有問題\r\n但道德該放在哪裡\r\n到底道德放在哪裡\r\n\r\n到底道德放在哪裡\r\n\r\nA.I. 愛 A.I. 愛\r\n哎哎 哎呀', '00:04:05', '../music/spotiflix/19.mp3', 'C000000010', '', 'https://img.mymusic.net.tw/mms/album/L/288/540288.jpg'),
('S000000020', '親愛的', 2017, '親愛的還有好多話想對你說 但今晚還不是時候 喔\r\n我明白你內心還稚嫩和單純 有時候會受傷 有恐懼和困惑\r\n\r\n我能拍拍你背到呼吸變平息 悄悄地在你耳邊說我多愛你\r\n今晚只願你夢裡出現長頸鹿 以後的夢以後再做吧\r\n\r\n親愛的你永遠 會是爸爸的寶貝\r\n親吻你的臉頰 讓你安穩的入睡\r\n親愛的不管路多遙遠 我的愛相隨\r\n因為你永遠是我親愛的\r\n\r\n親愛的我會記住今晚的模樣 和你天使般的臉龐 啊\r\n整間屋子裡都是你散發的香 緊緊握我的手 久久還不放掉\r\n\r\n我能拍拍你背到呼吸變平息 悄悄地在你耳邊說我多愛你\r\n今晚只願你夢裡出現小飛象 以後的夢以後再說吧\r\n\r\n親愛的你永遠 會是爸爸的寶貝\r\n親吻你的臉頰 讓你安穩的入睡\r\n親愛的不管路多遙遠 我的愛相隨\r\n因為你永遠是我親愛的\r\n\r\n親愛的你永遠 會是爸爸的寶貝\r\n親吻你的臉頰 讓你安穩的入睡\r\n親愛的不管路多遙遠 一定充滿愛\r\n因為你永遠是我親愛的', '00:05:19', '../music/spotiflix/20.mp3', 'C000000010', '', 'https://i.ytimg.com/vi/sHNy8muYwdU/maxresdefault.jpg'),
('S000000021', 'Gimmie love', 2020, '[Intro]\r\nOh\r\nOh\r\nOh\r\n\r\n[Chorus]\r\nGimme, gimme love, gimme, gimme love\r\nGimme, gimme love, gimme, gimme love\r\nWhen I\'m gone, when I\'m gone (Oh)\r\nGimme, gimme love, gimme, gimme love\r\nGimme, gimme love, gimme, gimme love (Oh)\r\nWhen I\'m gone, when I\'m gone\r\n\r\n[Verse]\r\nSwing around front, let me inside\r\nPlayin\' my song into my sides\r\nIt hurts, I can\'t lie\r\nRemember those times I fought to get out?\r\nI want to get out\r\nThose pictures so clear, they fade in my mind\r\nYou leavin\' me here with ashes and fire\r\nThese people don\'t heal, these people don\'t feel\r\nThese people aren\'t real, so make me this deal\r\nWon\'t you?\r\n\r\n[Chorus]\r\nGimme, gimme love, gimme, gimme love\r\nGimme, gimme love, gimme, gimme love\r\nWhen I\'m gone (Ooh), when I\'m gone (When I\'m gone, yeah)\r\nGimme, gimme love, gimme, gimme love (When I\'m gone, yeah)\r\nGimme, gimme love, gimme, gimme love (When I\'m gone, yeah)\r\nWhen I\'m gone (Ooh, yeah), when I\'m gone (When I\'m gone)\r\n(When I\'m gone, when I\'m gone)\r\n[Outro]\r\nLook into your heart', '00:03:46', '../musicspotiflix/21', 'C000000011', '', 'https://reurl.cc/E7y2Ek'),
('S000000022', 'Will he', 2017, '[Verse 1]\r\nI got knots all up in my chest (Up in my chest, up in my chest)\r\nJust know, I\'m trying my best (I\'m trying my best)\r\n\'Cause when you look (When you look)\r\nWhen you laugh (When you laugh)\r\nWhen you smile (When you smile)\r\nI\'ll bring you back (Bring you back)\r\nAnd now I\'m sad (Now I\'m sad)\r\nAnd I\'m a mess (And I\'m a mess)\r\nAnd now we high (Now we high)\r\nThat\'s why I left (Why I left)\r\nThat\'s why I left (Whoo)\r\nWill your tongue still remember the taste of my lips?\r\n(My lips, my lips, my lips)\r\nWill your shadow remember the swing of my hips?\r\n(My hips, my hips, my hips)\r\nWill your lover caress you the way that I did?\r\n(I did, I did, I did)\r\nWill you notice my charm if he slips up one bit?\r\n(One bit)\r\n\r\n[Chorus]\r\n\'Cause I don\'t need to know\r\nI just wanna make sure you\'re okay (Okay)\r\nI don\'t need to know\r\nI just wanna make sure you\'re all safe\r\nAll safe, all safe\r\n\r\n[Verse 2]\r\nWill he play you those songs just the way that I did?\r\n(I did, I did, I did)\r\nWill he play you so strong', '00:03:23', '../musicspotiflix/22.mp3', 'C000000011', '', 'https://reurl.cc/WdgEjD'),
('S000000023', 'Genesis', 2018, '[Intro]\r\nAyy, ayy\r\nYeah, yeah\r\nOh my God, Ronny\r\n\r\n[Chorus]\r\nAyy, woke up, shit, like fuck today, I might sip the syrup straight\r\nDrownin\' my emotions in abyss, like shit, that\'s e\'ryday\r\nI\'m movin\' on the block, got that thing right by my side\r\nThey just hatin\', I\'m gon\' pop, they just hatin\', I\'m gon\'-\r\nOkay, I woke up, shit, like fuck today, I might sip the syrup straight\r\nDrownin\' my emotions in abyss, like shit, that\'s e\'ryday\r\nI\'m movin\' on the block, got that thing right by my side\r\nThey just hatin\', I\'m gon\' pop, they just hatin\', I\'m gon\'-\r\n\r\n[Verse 1]\r\nOkay, two pills in my system, I cannot function or move\r\nHol\' up, xanax pill on xanax pill, like, hold up, what I do?\r\nBetter yet, 2K for a walkthrough\r\nLil\' bitty bitch come fuck with the crew\r\nPercocet keep me focused, homie, slowly\r\nLike I can\'t let them know, that you know me\r\nConnection movin\' too fast, my skeletons on my ass\r\nBut fuck it, I\'m \'bout to spazz\r\nI just fuck in the coupe, while I check the stars up in the Wrai', '00:03:15', '../musicspotiflix/23.mp3', 'C000000012', '', 'https://reurl.cc/Y1bWLa'),
('S000000024', 'Run', 2019, '[Intro]\r\nYeah\r\nYeah-yeah, yeah, yeah, yeah\r\nOh, yeah-yeah-yeah, yeah, yeah, yeah\r\n\r\n[Chorus]\r\nRun away from my past, I outrace my demons (Demons)\r\nDevil, he out here lurking while I\'m creeping (Creeping)\r\nCut off my angel wings, now I\'m in pieces (Pieces)\r\nTesla Ghost so no these hoes can\'t see me (See me)\r\nThese hoes can\'t see me\r\nRun away from my past, I race my demons (Demons)\r\nDevil, he out here lurking while I\'m creeping (Creeping)\r\nCut off my angel wings, now I\'m in pieces (Pieces)\r\nTesla Ghost so no these hoes can\'t see me (See me)\r\nThese hoes can\'t see me\r\n\r\n[Verse]\r\nHold up, look at my life like, what\'s the purpose?\r\nThought when I made some bands that this shit would\'ve turned out perfect\r\nWhen I still look in the mirror, like fuck, I still feel worthless\r\nRemember way back when lil\' bitch thought I was boring, well now that cash in\r\nActing like I was down on my dick but that was past tense\r\nBitch, I woke up flexing, but depression it done backed in\r\nI can\'t trust no ho and I', '00:01:53', '../musicspotiflix/24.mp3', 'C000000012', '', 'https://reurl.cc/Kk5xVy'),
('S000000025', '30 clip 2', 2017, '[Intro]\r\nThat\'s a 2 Piece\r\nTell these fuck niggas (hey)\r\nI gotta 30 clip (oh)\r\nI gotta 30 clip (oh)\r\nHey\r\n\r\n[Verse 1]\r\nI gotta 30 clip\r\nPull up in that rental boy I\'m stuntin\r\nYou just an unworthy bitch\r\nThrew that Bitch a Hunnid\r\nSike I\'m kidding she a dirty bitch\r\nMy bitch Rhi Rhi\r\nShe work work work work work work work\r\nLookin at my tv, that shit flatscreen plasma shit, I\'m 18\r\nGo ain\'t no space\r\nGet that bitch out my face aye\r\nWoah on my wrist\r\nForeign whip boy lets race\r\nI got my benjis up (ooh)\r\nI got my benjis up (ooh)\r\nI got a foreign bitch\r\nYou watchin\' pornhub\r\n\r\n[Chorus]\r\nI got a\r\nI got a\r\nI got a thirty clip\r\nI got a\r\nI got a\r\nI got a thirty clip\r\nI got a\r\nI got a\r\nI got a thirty clip\r\nBoy my name is Joey, bet yo\' girlfriend know me\r\nGot coke on my Rollie, you would think it\'s snowing\r\nI just fucked that bitch\r\nCatch me in the bando\r\nScrape the pot with wrist\r\n\r\nI gotta\r\nI gotta\r\nI gotta\r\nI got a 30 clip\r\n(repeat x2)\r\n\r\n[Verse 2]\r\nWrist sub zero\r\nLong clip limo\r\nMac my hip ', '00:02:40', '../musicspotiflix/25.mp3', 'C000000013', '', 'https://reurl.cc/NjgX5Q'),
('S000000026', 'Too sick', 2019, '[Intro]\r\nAkachi on the beat, lil\' bitch\r\nLook\r\n\r\n[Chorus]\r\nDomo arigatou gozaimasu, just ate some ramen, uh\r\nThank you very much in Japanese, went crazy shoppin\', uh\r\nNiggas came from nothin\', evolution feel like Darwin, uh\r\nHate when niggas cappin\', don\'t watch birds but my pants Robin, uh\r\nI just shot a free throw, ain\'t been ballin\', that\'s a brick, uh huh\r\nSpent $10,000 in Japan all on one trip, uh huh\r\nI ain\'t go to college, still a bachelor that\'s rich, uh huh\r\nI\'m too sick, uh huh\r\nVVS\'s lit, uh huh\r\nYou ain\'t totin\' guns, I see BB sticks, uh huh\r\nHaha, yeah, I\'m too sick, uh huh\r\n\r\n[Verse]\r\nI\'m indecisive, uh, can never decide which one\r\nGot too many options\r\nI got a lot to stuff, bro you need to pass the blunt\r\nYou ain\'t even roll that, uh\r\nKnow where my pole at, uh\r\nMost of you niggas is so wack, uh\r\nTalkin\' \'bout soda, cap\r\nName any drug, bet I sold that, uh\r\nSaint Laurent, uh-uh\r\nI put my thumb in her butt, uh-uh, ew\r\nWalk in the bank, haha\r\nMake more than Surgeons, uh-uh\r\n', '00:01:48', '../musicspotiflix/26.mp3', 'C000000013', '', 'https://reurl.cc/MvgZYL'),
('S000000027', 'Peanut butter jelly', 2019, '[Intro: Tokyo\'s Revenge]\r\nOkay, so, your bitch wanna lick the underside of my thighs in her spare time, hahaha\r\nAnd I didn\'t even ask her to do it, hahaha\r\n\r\n[Chorus: Tokyo\'s Revenge]\r\nOkay, my new whip purple\r\nInterior leather, look like peanut butter jelly\r\nOkay you pussy ass niggas piss me off R. Kelly, okay\r\nShe feel my dick, in her spinal cord\r\nShe put it in her belly, okay, look\r\nNiggas lookin\' for beef\r\nThis ain\'t no deli\r\nBlade on me just like a heli\r\n\r\n[Post-Chorus: Tokyo\'s Revenge]\r\nOkay (Okay), okay (Okay), okay (Okay), okay (Okay)\r\nOkay (Okay), okay (Okay), okay (Okay), okay (Okay)\r\nOkay (Okay), okay (Okay), okay (Okay), okay (Okay)\r\nOkay (Okay), okay (Okay), okay, okay, like\r\n\r\n[Verse 1: Tokyo\'s Revenge]\r\nWhat do you think?\r\nThinkin\' that I\'m harder than all you niggas\r\nSwear to god it in my genes [jeans] like some denim\r\nThey on the web like Spiderman, but I\'m Venom\r\nOkay, like, uh, yeah\r\nShe sound like she dyin\' whenever I\'m in her\r\nTryna eat the pussy up like some dinne', '00:03:10', '../musicspotiflix/27.mp3', 'C000000013', '', 'https://reurl.cc/MvgZYL'),
('S000000028', 'Introvert', 2018, '[Chorus: Joji]\r\nEvery time I go closer to the road, leavin\' my light\r\nI just wanna know why I\'m feelin\' so lonely at night\r\nIt\'s my fault, it\'s my life, I\'m so cold, I\'m so high, get it right\r\nI don\'t care, but I fight, we don\'t lose, we just ride, let it ride\r\n\r\n[Verse 1: Rich Brian]\r\nSittin\' in my crib thinkin\' \'bout shit\r\nThat I never done, but I wish I did\r\nActin\' like I\'m fine, but I\'m losin\' it\r\nCoulda kissed that girl, but it ain\'t relevant\r\nCoulda made that move, I\'m regrettin\' it\r\nFeelin\' so low, like I\'m on 2%\r\nBeen livin\' life like it\'s a tournament\r\nLoneliness turned off and now it\'s on again\r\nTell myself run, ain\'t no lookin\' back\r\nOnly time I do is when I\'m reachin\' for the stack\r\nBack on my old ways, on my old Mac\r\nThinkin\' \'bout my old days, I\'ll never go back\r\nFuck that, tryna get myself my own crib\r\nBe an independent man, I might just suck my own dick\r\nAin\'t got time, baby just tryna gold dig\r\nGotta get through all the people that I roll with\r\n\r\n[Chorus: Joji]\r\nEvery ', '00:03:43', '../musicspotiflix/28.mp3', 'C000000014', '', 'https://reurl.cc/0oGjgx'),
('S000000029', 'Cold', 2018, '[Verse 1]\r\nSaw a car crash, it remind me of our first date\r\nThen I went back, got massages at that one place\r\nAlways brought friends but today I feel like doin\' this shit alone\r\nCallin\' my dad when I wanna hear some wisdom\r\nCallin\' my cab alcohol up in my system\r\nSaw a fist fight and that shit don\'t even make me scared no more\r\nMan, I never been the one to be alone\r\nAll my friends are always hittin\' up my phone\r\nEvery day is spent with everybody, never on my own\r\nBut today I\'m by myself and I don\'t even feel alone\r\nLike to smoke cigs every time I feel the outside\r\nLike to play chicks but get mad when they get new guys\r\nYou don\'t get me but I don\'t blame you, I don\'t get myself\r\nPressin\' on keys, got my life so sweet man\r\nGoFundMe on your bitch\'s pinned tweet man\r\nBumpin\' oldies as I try to dick her down\r\nShe said give it to me now, and I can\'t help but listen\r\nShe go, \"Oh-oh-oh-oh, oh-oh, oh-oh, oh\"\r\nSlippery sign all over my door\r\nShow some attitude and bitch I won\'t show\r\nExpectation', '00:03:51', '../musicspotiflix/29.mp3', 'C000000014', '', 'https://reurl.cc/0oGjgx'),
('S000000030', 'History', 2019, '[Chorus]\r\nWe got history (History)\r\nGot me feelin\' the nostalgia when you look at me (Look at me)\r\nThinking \'bout what could\'ve happened or what could\'ve been\r\nFinally a face I know, ain\'t that a sight to see?\r\nTake my time then take your clothes off\r\nOne more time, maybe\r\nActin\' like you don\'t recall, it ain\'t impressin\' me\r\nDidn\'t come to see your friends, I know you came for me\r\nLike your dress, but you fit better in my wrinkled tee\r\nWe moved on to newer things, but we got history\r\n\r\n[Verse 1]\r\nPut my feelin\'s all aside\r\nDon\'t know how to make it right\r\nPictures poppin\' on my mind\r\nAll these occasions, let\'s work it out with me\r\nI don\'t think it hurts to give another try on it\r\nAin\'t nobody here know you like I do\r\nAsk all your friends if they know \'bout your size of shoes\r\nHow you like to cry when you laugh, when you off the booze\r\nI moved on but I still remember a thing or two\r\nI know you said, \"Gimme a hug,\" and I said, \"Gimme a break\"\r\nI wasn\'t trying my best, all the mistakes t', '00:03:28', '../musicspotiflix/30.mp3', 'C000000014', '', 'https://reurl.cc/oL6gLq');

--
-- 已傾印資料表的索引
--

--
-- 資料表索引 `account`
--
ALTER TABLE `account`
  ADD PRIMARY KEY (`Acc_Email`),
  ADD KEY `Cre_Num` (`Cre_Num`);

--
-- 資料表索引 `credit`
--
ALTER TABLE `credit`
  ADD PRIMARY KEY (`Cre_Num`);

--
-- 資料表索引 `eprisode`
--
ALTER TABLE `eprisode`
  ADD KEY `Eprisode_id` (`Eprisode_id`);

--
-- 資料表索引 `favorite`
--
ALTER TABLE `favorite`
  ADD KEY `Acc_Email` (`Acc_Email`),
  ADD KEY `Fa_Mine` (`Fa_Mine`);

--
-- 資料表索引 `item`
--
ALTER TABLE `item`
  ADD PRIMARY KEY (`Item_Id`);

--
-- 資料表索引 `makedate`
--
ALTER TABLE `makedate`
  ADD PRIMARY KEY (`Son_Id`);

--
-- 資料表索引 `movie`
--
ALTER TABLE `movie`
  ADD PRIMARY KEY (`Mo_id`);

--
-- 資料表索引 `movie_actor`
--
ALTER TABLE `movie_actor`
  ADD PRIMARY KEY (`actor_id`);

--
-- 資料表索引 `series`
--
ALTER TABLE `series`
  ADD PRIMARY KEY (`Series_id`);

--
-- 資料表索引 `singer`
--
ALTER TABLE `singer`
  ADD PRIMARY KEY (`sin_id`);

--
-- 資料表索引 `songs`
--
ALTER TABLE `songs`
  ADD PRIMARY KEY (`Son_Id`),
  ADD KEY `sing_id` (`sing_id`);

--
-- 已傾印資料表的限制式
--

--
-- 資料表的限制式 `account`
--
ALTER TABLE `account`
  ADD CONSTRAINT `account_ibfk_1` FOREIGN KEY (`Cre_Num`) REFERENCES `credit` (`Cre_Num`),
  ADD CONSTRAINT `account_ibfk_2` FOREIGN KEY (`Cre_Num`) REFERENCES `credit` (`Cre_Num`),
  ADD CONSTRAINT `account_ibfk_3` FOREIGN KEY (`Cre_Num`) REFERENCES `credit` (`Cre_Num`);

--
-- 資料表的限制式 `eprisode`
--
ALTER TABLE `eprisode`
  ADD CONSTRAINT `eprisode_ibfk_1` FOREIGN KEY (`Eprisode_id`) REFERENCES `item` (`Item_Id`),
  ADD CONSTRAINT `eprisode_ibfk_2` FOREIGN KEY (`Eprisode_id`) REFERENCES `series` (`Series_id`);

--
-- 資料表的限制式 `favorite`
--
ALTER TABLE `favorite`
  ADD CONSTRAINT `favorite_ibfk_1` FOREIGN KEY (`Acc_Email`) REFERENCES `account` (`Acc_Email`),
  ADD CONSTRAINT `favorite_ibfk_2` FOREIGN KEY (`Fa_Mine`) REFERENCES `item` (`Item_Id`);

--
-- 資料表的限制式 `songs`
--
ALTER TABLE `songs`
  ADD CONSTRAINT `songs_ibfk_1` FOREIGN KEY (`sing_id`) REFERENCES `singer` (`sin_id`);
COMMIT;

/*!40101 SET CHARACTER_SET_CLIENT=@OLD_CHARACTER_SET_CLIENT */;
/*!40101 SET CHARACTER_SET_RESULTS=@OLD_CHARACTER_SET_RESULTS */;
/*!40101 SET COLLATION_CONNECTION=@OLD_COLLATION_CONNECTION */;
